file,language,start_ms,end_ms,dur_ms
GH001,Twi,50,10482,10432
GH001,English,10482,10729,247
GH001,Twi,10729,11288,559
GH001,English,11288,12099,811
GH001,Twi,12099,13729,1630
GH001,English,13729,14219,490
GH001,Twi,14219,20117,5898
GH001,English,20117,20418,301
GH001,Twi,20418,24526,4108
GH001,English,24526,24987,461
GH001,Twi,24987,25325,338
GH001,English,25325,26581,1256
GH001,Twi,26581,27684,1103
GH001,English,27684,29512,1828
GH001,Twi,29512,34814,5302
GH001,English,34814,35257,443
GH001,Twi,35257,35725,468
GH001,English,35725,36332,607
GH001,Twi,36332,37831,1499
GH001,English,37831,39169,1338
GH001,Twi,39169,44224,5055
GH001,English,44224,45383,1159
GH001,Twi,45383,46870,1487
GH001,English,46870,49390,2520
GH001,Twi,49390,52109,2719
GH001,English,52109,52393,284
GH001,Twi,52393,53084,691
GH001,English,53084,53440,356
GH001,Twi,53440,58272,4832
GH001,English,58272,58803,531
GH001,Twi,58803,72563,13760
GH001,English,72563,74371,1808
GH001,Twi,74371,78425,4054
GH001,English,78425,78947,522
GH001,Twi,78947,89936,10989
GH001,English,89936,90741,805
GH001,Twi,90741,92676,1935
GH001,English,92676,93185,509
GH001,Twi,93185,94931,1746
GH001,English,94931,99328,4397
GH001,Twi,99328,102628,3300
GH001,English,102628,103598,970
GH001,Twi,103598,105226,1628
GH001,English,105226,106883,1657
GH001,Twi,106883,108566,1683
GH001,English,108566,110405,1839
GH001,Twi,110405,120678,10273
GH001,English,120678,121706,1028
GH001,Twi,121706,135136,13430
GH001,English,135136,135675,539
GH001,Twi,135675,137770,2095
GH001,English,137770,138181,411
GH001,Twi,138181,141934,3753
GH001,English,141934,142976,1042
GH001,Twi,142976,144271,1295
GH001,English,144271,145499,1228
GH001,Twi,145499,161921,16422
GH001,English,161921,162626,705
GH001,Twi,162626,165421,2795
GH001,English,165421,166258,837
GH001,Twi,166258,172778,6520
GH001,English,172778,175664,2886
GH001,Twi,175664,178098,2434
GH001,English,178098,179006,908
GH001,Twi,179006,184328,5322
GH001,English,184328,186189,1861
GH001,Twi,186189,193921,7732
GH001,English,193921,195524,1603
GH001,Twi,195524,197424,1900
GH001,English,197424,200812,3388
GH001,Twi,200812,202128,1316
GH001,English,202128,207062,4934
GH001,Twi,207062,207584,522
GH001,English,207584,207911,327
GH001,Twi,207911,212842,4931
GH001,English,212842,214030,1188
GH001,Twi,214030,215197,1167
GH001,English,215197,215633,436
GH001,Twi,215633,218320,2687
GH001,Twi,219211,222950,3739
GH001,English,222950,223319,369
GH001,Twi,223319,224416,1097
GH001,English,224416,224895,479
GH001,Twi,224895,243536,18641
GH001,English,243536,244012,476
GH001,Twi,244012,244035,23
GH001,Twi,244797,245504,707
GH001,English,245504,246662,1158
GH001,Twi,246662,248101,1439
GH001,Twi,249580,250171,591
GH001,Twi,250595,253190,2595
GH001,Twi,254292,254985,693
GH001,English,254985,257188,2203
GH001,Twi,257188,257260,72
GH001,Twi,257707,267505,9798
GH001,English,267505,267752,247
GH001,Twi,267752,275975,8223
GH001,Twi,277926,279882,1956
GH001,English,279882,280388,506
GH001,Twi,280388,282390,2002
GH001,English,282390,283930,1540
GH001,Twi,283930,286246,2316
GH001,English,286246,287710,1464
GH001,Twi,287710,291607,3897
GH001,English,291607,292349,742
GH001,Twi,292349,297659,5310
GH001,English,297659,298098,439
GH001,Twi,298098,301612,3514
GH001,English,301612,302117,505
GH001,Twi,302117,306806,4689
GH001,Twi,307227,310507,3280
GH001,English,310507,311302,795
GH001,Twi,311302,312357,1055
GH001,English,312357,313101,744
GH001,Twi,313101,314787,1686
GH001,Twi,315243,317224,1981
GH001,Twi,317646,318796,1150
GH001,English,318796,319613,817
GH001,Twi,319613,319853,240
GH001,Twi,320389,321838,1449
GH001,English,321838,322553,715
GH001,Twi,322553,325894,3341
GH001,Twi,326875,331281,4406
GH001,Twi,332374,332834,460
GH001,English,332834,333426,592
GH001,Twi,333426,333938,512
GH001,English,333938,334796,858
GH001,Twi,334796,334950,154
GH002,Twi,50,4348,4298
GH002,Twi,5152,6266,1114
GH002,English,6266,6914,648
GH002,Twi,6914,7127,213
GH002,English,7127,7527,400
GH002,Twi,7527,9043,1516
GH002,English,9043,9315,272
GH002,Twi,9315,9999,684
GH002,English,9999,10337,338
GH002,Twi,10337,11364,1027
GH002,Twi,12397,13348,951
GH002,Twi,14713,16532,1819
GH002,Twi,16955,17517,562
GH002,English,17517,18012,495
GH002,Twi,18012,21980,3968
GH002,English,21980,24774,2794
GH002,Twi,25164,25338,174
GH002,English,25338,25651,313
GH002,Twi,25651,31250,5599
GH002,English,31250,32758,1508
GH002,Twi,32758,33527,769
GH002,Twi,34018,35058,1040
GH002,English,35058,35334,276
GH002,Twi,35334,42187,6853
GH002,English,42187,42363,176
GH002,Twi,42363,45525,3162
GH002,English,45525,46873,1348
GH002,Twi,46873,47003,130
GH002,Twi,47922,49650,1728
GH002,English,49650,51361,1711
GH002,Twi,51361,57493,6132
GH002,Twi,58475,60786,2311
GH002,English,60786,61690,904
GH002,Twi,61690,62273,583
GH002,Twi,62861,63295,434
GH002,English,63295,64146,851
GH002,Twi,64146,64833,687
GH002,Twi,65377,71471,6094
GH002,English,71471,72413,942
GH002,Twi,72413,73390,977
GH002,English,73390,73859,469
GH002,Twi,73859,75004,1145
GH002,English,75004,75511,507
GH002,Twi,75511,80620,5109
GH002,English,80620,82603,1983
GH002,Twi,82603,83518,915
GH002,English,83518,85120,1602
GH002,Twi,85120,86171,1051
GH002,Twi,86616,88120,1504
GH002,English,88120,90376,2256
GH002,Twi,90376,91714,1338
GH002,Twi,92141,93171,1030
GH002,English,93171,93613,442
GH002,Twi,93613,97422,3809
GH002,English,97422,101078,3656
GH002,Twi,101078,101467,389
GH002,English,101467,102973,1506
GH002,Twi,102973,103522,549
GH002,English,103522,104119,597
GH002,Twi,104119,104757,638
GH002,English,104757,105588,831
GH002,Twi,105588,109796,4208
GH002,English,109796,110203,407
GH002,Twi,110203,120464,10261
GH002,English,120464,121584,1120
GH002,Twi,121953,122449,496
GH002,Twi,122861,131770,8909
GH002,Twi,132224,133928,1704
GH002,English,133928,134454,526
GH002,Twi,134454,134802,348
GH002,English,134802,136583,1781
GH002,Twi,136583,141762,5179
GH002,English,141762,142479,717
GH002,Twi,142479,146442,3963
GH002,English,146442,147158,716
GH002,Twi,147158,147950,792
GH003,Twi,50,257,207
GH003,English,257,1885,1628
GH003,Twi,1885,4828,2943
GH003,English,4828,5707,879
GH003,Twi,5707,6457,750
GH003,English,6457,7836,1379
GH003,Twi,7836,8916,1080
GH003,English,8916,12466,3550
GH003,Twi,12466,18573,6107
GH003,Twi,19204,20610,1406
GH003,English,20610,22978,2368
GH003,Twi,22978,28129,5151
GH003,English,28129,29015,886
GH003,Twi,29015,33058,4043
GH003,English,33058,34787,1729
GH003,Twi,34787,35690,903
GH003,English,35690,36175,485
GH003,Twi,36175,36191,16
GH003,Twi,36870,41044,4174
GH003,English,41044,42486,1442
GH003,Twi,42486,43621,1135
GH003,English,43621,44921,1300
GH003,Twi,44921,48281,3360
GH003,Twi,48755,49503,748
GH003,English,49503,49720,217
GH003,Twi,49720,49953,233
GH003,English,49953,50486,533
GH003,Twi,50486,51869,1383
GH003,English,51869,53519,1650
GH003,Twi,53519,57482,3963
GH003,Twi,58258,62334,4076
GH003,Twi,62736,63589,853
GH003,Twi,63993,65817,1824
GH003,English,65817,66217,400
GH003,Twi,66217,67156,939
GH003,Twi,67900,68426,526
GH003,English,68426,68865,439
GH003,Twi,68865,70625,1760
GH003,English,70625,71116,491
GH003,Twi,71116,73812,2696
GH003,English,73812,74368,556
GH003,Twi,74368,75556,1188
GH003,Twi,76101,77773,1672
GH003,English,77773,77910,137
GH003,Twi,77910,78201,291
GH003,English,78201,78396,195
GH003,Twi,78396,79026,630
GH003,English,79026,79607,581
GH003,Twi,79607,84754,5147
GH003,English,84754,85274,520
GH003,Twi,85274,86957,1683
GH003,Twi,88084,89728,1644
GH003,Twi,90245,92223,1978
GH003,Twi,92668,97520,4852
GH003,English,97520,97817,297
GH003,Twi,97817,103838,6021
GH003,Twi,104334,104911,577
GH003,English,104911,105402,491
GH003,English,106012,107522,1510
GH003,Twi,107522,108662,1140
GH003,English,108662,109327,665
GH003,Twi,109327,112984,3657
GH003,English,113573,119511,5938
GH003,Twi,119511,120327,816
GH003,English,120327,127113,6786
GH003,Twi,127113,130895,3782
GH003,English,130895,132182,1287
GH003,Twi,132182,132629,447
GH003,English,132629,133204,575
GH003,Twi,133204,135312,2108
GH003,English,135312,136870,1558
GH003,Twi,136870,139234,2364
GH003,English,139234,141513,2279
GH003,Twi,141513,141904,391
GH003,English,141904,142466,562
GH003,Twi,142466,146328,3862
GH003,English,146328,147732,1404
GH003,Twi,147944,150675,2731
GH003,English,150675,157300,6625
GH003,Twi,157428,158491,1063
GH003,English,158491,158672,181
GH003,Twi,158672,159150,478
GH003,Twi,159680,160828,1148
GH003,English,162118,163883,1765
GH003,Twi,163883,182405,18522
GH003,Twi,182819,184608,1789
GH003,English,184608,185735,1127
GH003,Twi,185735,186063,328
GH003,Twi,187019,187431,412
GH003,English,187431,188837,1406
GH003,Twi,188837,189212,375
GH003,Twi,190077,191355,1278
GH003,English,191355,201102,9747
GH003,Twi,201102,202079,977
GH003,English,202079,205804,3725
GH003,Twi,205804,210791,4987
GH003,English,210791,211388,597
GH003,Twi,211388,211647,259
GH003,English,211647,211943,296
GH003,Twi,211943,216294,4351
GH003,English,216294,217278,984
GH003,Twi,217931,219284,1353
GH003,Twi,221295,222248,953
GH003,English,222248,223619,1371
GH003,Twi,223619,227074,3455
GH003,English,227074,230684,3610
GH003,Twi,230684,231666,982
GH003,English,231666,233630,1964
GH003,Twi,233630,246786,13156
GH003,English,246786,248895,2109
GH003,Twi,248895,259451,10556
GH003,Twi,259991,261208,1217
GH003,English,261208,261670,462
GH003,Twi,261670,264280,2610
GH003,Twi,265751,273268,7517
GH003,English,273268,274198,930
GH003,Twi,274198,279742,5544
GH003,English,279742,282627,2885
GH003,Twi,282627,284108,1481
GH003,Twi,284645,287943,3298
GH003,English,287943,289568,1625
GH003,Twi,289845,292609,2764
GH003,Twi,293157,306729,13572
GH003,English,306729,307328,599
GH003,Twi,307328,309004,1676
GH003,English,309632,311140,1508
GH003,Twi,311140,313789,2649
GH003,Twi,314528,316493,1965
GH003,English,316863,317522,659
GH003,Twi,317522,323180,5658
GH003,English,323180,324095,915
GH003,Twi,324095,334740,10645
GH003,Twi,335289,339886,4597
GH003,English,339886,340284,398
GH003,Twi,340284,340544,260
GH003,English,340544,340778,234
GH003,Twi,340778,341022,244
GH003,Twi,341820,342429,609
GH003,English,342429,343233,804
GH003,Twi,343233,350394,7161
GH003,English,350394,350869,475
GH003,Twi,350869,351103,234
GH003,Twi,352477,352869,392
GH003,English,352869,354105,1236
GH003,Twi,355376,357223,1847
GH003,Twi,357720,360413,2693
GH003,English,360413,361055,642
GH003,Twi,361055,366756,5701
GH003,English,366756,367590,834
GH003,Twi,367590,384445,16855
GH003,English,384445,386483,2038
GH003,Twi,386483,388499,2016
GH003,English,388499,388943,444
GH003,Twi,388943,389559,616
GH003,English,389559,389931,372
GH003,Twi,389931,394609,4678
GH003,English,394609,399494,4885
GH003,Twi,399494,400333,839
GH003,English,400333,402374,2041
GH003,Twi,402374,407656,5282
GH003,Twi,408172,412950,4778
GH004,Twi,50,1074,1024
GH004,Twi,1632,2703,1071
GH004,Twi,3330,6887,3557
GH004,Twi,7311,7697,386
GH004,Twi,8317,10257,1940
GH004,Twi,10993,14388,3395
GH004,Twi,14899,16160,1261
GH004,Twi,16703,28075,11372
GH004,English,28440,30188,1748
GH004,Twi,30188,40562,10374
GH004,English,40562,41793,1231
GH004,Twi,41793,43401,1608
GH004,Twi,43903,45431,1528
GH004,English,45431,46071,640
GH004,Twi,46446,51438,4992
GH004,Twi,51923,54183,2260
GH004,Twi,54628,61711,7083
GH004,English,61711,61970,259
GH004,Twi,61970,64022,2052
GH004,Twi,64812,70960,6148
GH004,Twi,71388,75765,4377
GH004,Twi,76205,79959,3754
GH004,Twi,81220,82293,1073
GH004,Twi,82862,85064,2202
GH004,Twi,85687,86931,1244
GH004,English,86931,88097,1166
GH004,Twi,88097,89144,1047
GH004,Twi,89711,95353,5642
GH004,Twi,95771,99340,3569
GH004,English,99340,99721,381
GH004,Twi,99721,100440,719
GH004,Twi,100963,105992,5029
GH004,English,105992,107848,1856
GH004,Twi,109218,110859,1641
GH004,Twi,111376,112173,797
GH004,Twi,113218,114105,887
GH004,Twi,114587,115206,619
GH004,English,115206,115669,463
GH004,Twi,115669,123109,7440
GH004,Twi,123636,130648,7012
GH004,Twi,131079,140156,9077
GH004,Twi,140830,143087,2257
GH004,English,143087,143726,639
GH004,Twi,143726,144865,1139
GH004,English,144865,145356,491
GH004,Twi,145356,150186,4830
GH004,English,150186,151287,1101
GH004,Twi,151368,151436,68
GH004,English,151436,151983,547
GH004,Twi,151983,158340,6357
GH004,Twi,158829,159324,495
GH004,English,159324,160058,734
GH004,Twi,160058,160449,391
GH004,Twi,161014,161385,371
GH004,English,161385,161785,400
GH004,Twi,161785,163029,1244
GH004,English,163029,163698,669
GH004,Twi,163698,163960,262
GH004,English,163960,167170,3210
GH004,Twi,167170,168602,1432
GH004,English,168602,171298,2696
GH004,Twi,171298,172976,1678
GH004,Twi,173393,178211,4818
GH004,Twi,178679,179508,829
GH004,Twi,179971,180541,570
GH004,Twi,181646,182224,578
GH004,Twi,182763,185555,2792
GH004,English,185555,186963,1408
GH004,Twi,186963,187879,916
GH004,Twi,188735,190107,1372
GH004,English,190107,191198,1091
GH004,Twi,191198,191296,98
GH004,Twi,191756,204536,12780
GH004,Twi,205149,208469,3320
GH004,English,208878,210720,1842
GH004,Twi,210720,219303,8583
GH004,Twi,220124,221526,1402
GH004,English,221526,221943,417
GH004,Twi,221943,222608,665
GH004,English,222608,223236,628
GH004,Twi,223236,228262,5026
GH004,Twi,228682,231783,3101
GH004,English,231783,232666,883
GH004,Twi,232666,234286,1620
GH004,English,234286,234812,526
GH004,Twi,234812,235147,335
GH004,Twi,236073,238799,2726
GH004,Twi,239221,240782,1561
GH004,English,240782,241161,379
GH004,Twi,241161,241652,491
GH004,English,241652,242216,564
GH004,Twi,242216,242950,734
GH005,Twi,50,429,379
GH005,Twi,1026,1376,350
GH005,English,1376,2420,1044
GH005,Twi,2420,2839,419
GH005,Twi,3457,4160,703
GH005,Twi,5088,6118,1030
GH005,English,6118,6927,809
GH005,Twi,6927,6980,53
GH005,English,6980,7950,970
GH005,Twi,7950,8298,348
GH005,Twi,8858,9763,905
GH005,Twi,10523,11603,1080
GH005,Twi,12284,14099,1815
GH005,Twi,14548,16980,2432
GH005,English,16980,17654,674
GH005,Twi,17654,17667,13
GH005,English,17667,17990,323
GH005,Twi,17990,18763,773
GH005,Twi,19305,25342,6037
GH005,English,25342,25996,654
GH005,Twi,25996,26657,661
GH005,Twi,27112,27410,298
GH005,English,27410,28420,1010
GH005,Twi,28420,29330,910
GH005,English,29330,30160,830
GH005,Twi,30160,30318,158
GH005,English,30823,33770,2947
GH005,Twi,33770,35000,1230
GH005,English,35000,36150,1150
GH005,Twi,36150,36601,451
GH005,Twi,37671,37987,316
GH005,Twi,38671,38720,49
GH005,English,38720,39237,517
GH005,Twi,39237,41947,2710
GH005,Twi,42519,43727,1208
GH005,Twi,44187,44751,564
GH005,Twi,45415,46976,1561
GH005,Twi,47753,48560,807
GH005,Twi,51395,52660,1265
GH005,English,52660,59760,7100
GH005,Twi,60393,62285,1892
GH005,Twi,62914,64010,1096
GH005,English,64010,66740,2730
GH005,Twi,66860,67348,488
GH005,English,67348,67882,534
GH005,Twi,67882,75670,7788
GH005,English,75670,76366,696
GH005,Twi,76366,76793,427
GH005,English,76793,77738,945
GH005,Twi,77738,79313,1575
GH005,Twi,80069,81897,1828
GH005,Twi,82442,83919,1477
GH005,Twi,84432,84761,329
GH005,English,84761,85661,900
GH005,Twi,85661,87170,1509
GH005,Twi,87720,88134,414
GH005,Twi,89139,89733,594
GH005,Twi,90715,92510,1795
GH005,Twi,93546,95559,2013
GH005,English,95559,97013,1454
GH005,Twi,97013,97055,42
GH005,English,97055,98350,1295
GH005,Twi,98350,100050,1700
GH005,English,100050,100410,360
GH005,Twi,100410,104730,4320
GH005,English,104730,105080,350
GH005,Twi,105080,105180,100
GH005,Twi,105718,106967,1249
GH005,Twi,107547,107820,273
GH005,Twi,108448,108630,182
GH005,English,108630,109288,658
GH005,Twi,109288,110835,1547
GH005,Twi,111274,111282,8
GH005,English,111282,112114,832
GH005,Twi,112457,116676,4219
GH005,Twi,117369,118901,1532
GH005,Twi,119367,121109,1742
GH005,Twi,121847,122427,580
GH005,Twi,123043,123950,907
GH006,Twi,810,1201,391
GH006,English,1773,12500,10727
GH006,Twi,13115,15618,2503
GH006,Twi,16156,21716,5560
GH006,Twi,22192,26436,4244
GH006,Twi,26914,27850,936
GH006,Twi,28292,29387,1095
GH006,Twi,30009,30821,812
GH006,Twi,31985,32379,394
GH006,English,34480,35352,872
GH006,Twi,35571,37452,1881
GH006,English,37452,37990,538
GH006,Twi,37990,43486,5496
GH006,English,43486,43940,454
GH006,Twi,43940,45703,1763
GH006,Twi,46434,48212,1778
GH006,English,48212,48730,518
GH006,Twi,48730,49835,1105
GH006,English,49835,50346,511
GH006,Twi,50346,56277,5931
GH006,English,56277,56792,515
GH006,Twi,56792,57860,1068
GH006,English,57860,60305,2445
GH006,Twi,60305,60661,356
GH006,Twi,61204,61462,258
GH006,English,61462,64620,3158
GH006,Twi,64620,64717,97
GH006,Twi,65540,65690,150
GH006,English,65690,66187,497
GH006,Twi,66654,66790,136
GH006,English,66790,67100,310
GH006,Twi,67100,69946,2846
GH006,English,69946,71475,1529
GH006,Twi,71475,71552,77
GH006,English,71552,72496,944
GH006,Twi,72496,76353,3857
GH006,English,76353,79181,2828
GH006,English,79265,82951,3686
GH006,English,82951,86251,3300
GH006,Twi,86251,90181,3930
GH006,Twi,91006,91511,505
GH006,English,91511,94086,2575
GH006,Twi,94086,96732,2646
GH006,English,96732,97526,794
GH006,Twi,97526,101491,3965
GH006,English,101491,102258,767
GH006,Twi,102258,105198,2940
GH006,English,105198,106112,914
GH006,Twi,106447,107902,1455
GH006,English,107902,108511,609
GH006,Twi,108511,108858,347
GH006,Twi,109347,113577,4230
GH006,English,113577,118543,4966
GH006,Twi,118543,120256,1713
GH006,Twi,121066,121399,333
GH006,English,121399,122335,936
GH006,Twi,122335,122342,7
GH006,Twi,122934,123614,680
GH006,English,123614,124125,511
GH006,Twi,124125,124199,74
GH006,English,124199,125433,1234
GH006,Twi,125433,126976,1543
GH006,English,126976,127377,401
GH006,Twi,127815,128120,305
GH006,English,128120,128623,503
GH006,Twi,128623,129613,990
GH006,Twi,130225,131618,1393
GH006,Twi,132140,132326,186
GH006,English,132326,132811,485
GH006,Twi,132811,134623,1812
GH006,Twi,135130,135589,459
GH006,English,135589,136433,844
GH006,Twi,136433,140668,4235
GH006,English,140668,141253,585
GH006,Twi,141253,142002,749
GH006,English,142362,143047,685
GH006,Twi,143047,145858,2811
GH006,English,145858,146248,390
GH006,Twi,146248,147767,1519
GH006,English,147767,148440,673
GH006,Twi,148440,149425,985
GH006,Twi,149942,150876,934
GH006,Twi,151285,151677,392
GH006,English,151677,152236,559
GH006,Twi,152236,153612,1376
GH006,Twi,154152,154893,741
GH006,Twi,155386,156106,720
GH006,English,156106,157000,894
GH006,Twi,157000,158692,1692
GH006,English,158692,159066,374
GH006,Twi,159066,159214,148
GH006,Twi,159753,160186,433
GH006,English,160186,161314,1128
GH006,Twi,161314,161746,432
GH006,Twi,162361,163688,1327
GH006,Twi,164305,164841,536
GH006,Twi,165327,165440,113
GH006,English,165440,166701,1261
GH006,Twi,167054,167315,261
GH006,English,167315,168423,1108
GH006,Twi,168423,168795,372
GH006,English,168795,169425,630
GH006,Twi,169425,169735,310
GH006,English,169735,170763,1028
GH006,Twi,170763,171937,1174
GH006,Twi,172408,173271,863
GH006,Twi,174632,174950,318
GH007,Twi,50,3009,2959
GH007,Twi,3519,8296,4777
GH007,Twi,8835,15260,6425
GH007,English,15260,15624,364
GH007,Twi,15624,16998,1374
GH007,English,16998,17673,675
GH007,Twi,17673,19010,1337
GH007,English,19010,19500,490
GH007,Twi,19500,20077,577
GH007,English,20077,20859,782
GH007,Twi,21207,22255,1048
GH007,Twi,22660,24035,1375
GH007,Twi,24700,26963,2263
GH007,Twi,27525,28427,902
GH007,Twi,29131,35111,5980
GH007,Twi,35600,37930,2330
GH007,English,38519,41530,3011
GH007,Twi,41530,42149,619
GH007,Twi,42712,44446,1734
GH007,Twi,45031,45401,370
GH007,Twi,46023,49474,3451
GH007,Twi,49926,56588,6662
GH007,English,56658,58600,1942
GH007,Twi,58600,60009,1409
GH007,English,60600,61332,732
GH007,Twi,61332,62526,1194
GH007,English,62526,62970,444
GH007,Twi,62970,65122,2152
GH007,Twi,65960,66020,60
GH007,English,66020,66730,710
GH007,Twi,66730,67306,576
GH007,Twi,68338,68913,575
GH007,Twi,69684,70949,1265
GH007,English,70949,71426,477
GH007,Twi,71426,71626,200
GH007,Twi,72203,73137,934
GH007,English,73137,73767,630
GH007,Twi,73767,74194,427
GH007,Twi,74823,75827,1004
GH007,Twi,76381,77270,889
GH007,Twi,77858,80200,2342
GH007,Twi,81282,82424,1142
GH007,Twi,82854,83545,691
GH007,Twi,84089,84590,501
GH007,Twi,85236,86364,1128
GH007,Twi,86800,88341,1541
GH007,Twi,89006,89279,273
GH007,Twi,89802,92448,2646
GH007,Twi,92971,93979,1008
GH007,English,93979,94320,341
GH007,Twi,94320,95928,1608
GH007,English,95928,97728,1800
GH007,Twi,98037,98513,476
GH007,Twi,99182,100260,1078
GH007,Twi,100911,101236,325
GH007,Twi,101861,102246,385
GH007,Twi,103058,104088,1030
GH007,Twi,104609,106784,2175
GH007,English,108070,108819,749
GH007,Twi,108819,108904,85
GH007,Twi,109733,110250,517
GH007,English,110250,110510,260
GH007,Twi,110510,110910,400
GH007,English,110910,112028,1118
GH007,Twi,112028,113766,1738
GH007,Twi,114169,119774,5605
GH007,English,119774,121440,1666
GH007,Twi,121440,123099,1659
GH007,English,123099,128109,5010
GH007,Twi,128109,129307,1198
GH007,Twi,129726,134175,4449
GH007,English,134175,134844,669
GH007,Twi,134844,135505,661
GH007,Twi,135997,136130,133
GH007,English,136130,137570,1440
GH007,Twi,137570,140190,2620
GH007,English,140190,140490,300
GH007,Twi,140490,141636,1146
GH007,English,142065,142534,469
GH007,Twi,142534,153064,10530
GH007,Twi,153567,160995,7428
GH007,Twi,161563,163150,1587
GH007,Twi,163996,170673,6677
GH007,English,170673,171993,1320
GH007,Twi,172335,173311,976
GH007,Twi,173844,174890,1046
GH007,Twi,175363,176926,1563
GH007,Twi,177417,178014,597
GH007,Twi,178513,180913,2400
GH007,English,180913,181770,857
GH007,Twi,181770,182977,1207
GH007,Twi,183832,185955,2123
GH007,Twi,186546,190033,3487
GH007,Twi,190559,193056,2497
GH007,Twi,193729,198845,5116
GH007,Twi,199560,202026,2466
GH007,Twi,203102,206008,2906
GH007,Twi,206464,207682,1218
GH007,English,207682,208947,1265
GH007,Twi,208947,209123,176
GH007,Twi,209608,212043,2435
GH007,Twi,212851,213448,597
GH007,Twi,213985,215756,1771
GH007,Twi,216672,217498,826
GH007,Twi,218042,219067,1025
GH007,English,219067,220391,1324
GH007,Twi,220391,221544,1153
GH007,Twi,222210,224321,2111
GH007,Twi,224929,227361,2432
GH007,Twi,227787,229460,1673
GH007,English,229460,230194,734
GH007,Twi,230194,233717,3523
GH007,Twi,234126,238111,3985
GH007,English,238111,239920,1809
GH007,Twi,239920,246682,6762
GH007,Twi,247251,251329,4078
GH007,English,251329,254500,3171
GH007,Twi,254500,255238,738
GH007,English,255238,255510,272
GH007,Twi,255510,256178,668
GH007,English,256178,257200,1022
GH007,Twi,257200,263081,5881
GH007,English,263081,264040,959
GH007,Twi,264040,264400,360
GH007,English,264400,266135,1735
GH007,Twi,266135,268503,2368
GH007,Twi,269933,270612,679
GH007,Twi,271216,276947,5731
GH007,Twi,277408,279223,1815
GH007,Twi,279819,279890,71
GH007,English,279890,281187,1297
GH007,Twi,281187,284238,3051
GH007,Twi,284648,284950,302
GH008,Twi,50,518,468
GH008,Twi,2055,3184,1129
GH008,Twi,4876,5415,539
GH008,Twi,7171,8160,989
GH008,English,8160,9037,877
GH008,English,10640,12206,1566
GH008,English,12945,14018,1073
GH008,Twi,15077,15682,605
GH008,Twi,18406,18670,264
GH008,English,19998,21662,1664
GH008,Twi,23951,24218,267
GH008,English,27263,28256,993
GH008,English,30290,37540,7250
GH008,Twi,37540,38416,876
GH008,English,40930,41960,1030
GH008,Twi,41960,43044,1084
GH008,Twi,45707,47969,2262
GH008,English,48292,49078,786
GH008,Twi,50014,53125,3111
GH008,Twi,54611,56095,1484
GH008,Twi,57717,58134,417
GH008,Twi,58844,59507,663
GH008,Twi,61589,63102,1513
GH008,Twi,64641,66787,2146
GH008,English,67378,67940,562
GH008,Twi,67940,68966,1026
GH008,Twi,70404,71169,765
GH008,Twi,71964,74275,2311
GH008,Twi,74700,75969,1269
GH008,Twi,76449,76783,334
GH008,English,76783,77220,437
GH008,Twi,77220,77625,405
GH008,English,77625,79100,1475
GH008,Twi,80634,82950,2316
GH008,English,82950,83521,571
GH008,Twi,83521,83995,474
GH008,English,85320,85700,380
GH008,Twi,85700,85984,284
GH008,English,85984,87060,1076
GH008,Twi,88190,89661,1471
GH008,Twi,90930,91913,983
GH008,Twi,92662,92700,38
GH008,English,92700,94937,2237
GH008,English,95762,96516,754
GH008,Twi,96516,97758,1242
GH008,Twi,98826,99022,196
GH008,English,99022,99879,857
GH008,Twi,100154,100945,791
GH008,English,100945,101775,830
GH008,Twi,102395,102600,205
GH008,English,102600,103279,679
GH008,Twi,103993,104478,485
GH008,English,104478,105250,772
GH008,Twi,105250,105781,531
GH008,Twi,107008,107587,579
GH008,English,108003,108640,637
GH008,Twi,108640,111283,2643
GH008,Twi,112486,113723,1237
GH008,Twi,114847,116178,1331
GH008,Twi,117324,118370,1046
GH008,English,118370,118760,390
GH008,Twi,118760,120856,2096
GH008,Twi,121336,121373,37
GH008,English,121373,124610,3237
GH008,English,125892,126721,829
GH008,English,128281,136950,8669
GH008,Twi,136950,140153,3203
GH008,Twi,141821,143330,1509
GH008,English,143330,144190,860
GH008,Twi,144190,144846,656
GH008,Twi,146464,146722,258
GH008,English,146722,148160,1438
GH008,Twi,148160,148368,208
GH008,English,149115,149732,617
GH008,Twi,149732,149927,195
GH008,Twi,150340,151334,994
GH008,Twi,152479,153270,791
GH008,English,153270,153980,710
GH008,Twi,153980,154101,121
GH008,English,154101,155250,1149
GH008,Twi,155250,156007,757
GH008,English,156007,157151,1144
GH008,Twi,158370,159590,1220
GH008,English,159590,159990,400
GH008,Twi,159990,162329,2339
GH008,English,162329,166300,3971
GH008,Twi,166300,169218,2918
GH008,Twi,169732,173307,3575
GH008,English,173806,174731,925
GH008,Twi,174731,175144,413
GH008,English,175144,176136,992
GH008,Twi,176904,177221,317
GH008,English,177221,178139,918
GH008,Twi,178916,179250,334
GH008,English,179250,179960,710
GH008,Twi,179960,180166,206
GH008,English,180166,181260,1094
GH008,Twi,181260,183417,2157
GH008,Twi,184282,184968,686
GH008,English,184968,189210,4242
GH008,English,192903,203990,11087
GH008,Twi,210431,210941,510
GH008,Twi,213148,217997,4849
GH008,English,218170,219060,890
GH008,Twi,220829,222794,1965
GH008,Twi,224947,226199,1252
GH008,Twi,227453,230469,3016
GH008,Twi,231242,232223,981
GH008,Twi,232889,233704,815
GH008,Twi,234374,235350,976
GH008,Twi,237107,238815,1708
GH008,Twi,239471,240439,968
GH008,English,240439,241393,954
GH008,Twi,241393,241599,206
GH008,Twi,242176,243050,874
GH008,Twi,244801,249630,4829
GH008,English,250885,281885,31000
GH008,Twi,282126,286396,4270
GH008,Twi,286975,288936,1961
GH008,English,289694,291447,1753
GH008,Twi,293382,294356,974
GH008,Twi,294860,301032,6172
GH008,Twi,301964,305909,3945
GH008,English,306280,307071,791
GH008,Twi,307420,311784,4364
GH008,Twi,312206,313921,1715
GH008,English,313921,314500,579
GH008,Twi,314500,314836,336
GH008,Twi,315506,316190,684
GH008,English,316190,316819,629
GH008,Twi,316819,320893,4074
GH008,Twi,321905,322334,429
GH008,English,322334,323240,906
GH008,Twi,324389,325657,1268
GH008,Twi,327068,327448,380
GH008,English,327448,328361,913
GH008,Twi,328361,331766,3405
GH008,English,331766,332813,1047
GH008,Twi,332813,335436,2623
GH008,English,335585,337009,1424
GH008,English,338250,341570,3320
GH008,Twi,341570,343009,1439
GH008,English,343246,344486,1240
GH008,Twi,344714,353440,8726
GH008,English,353440,354370,930
GH008,English,356521,361850,5329
GH008,English,364050,365760,1710
GH008,Twi,365760,367703,1943
GH008,Twi,369650,370805,1155
GH008,Twi,371807,374907,3100
GH008,Twi,377079,378197,1118
GH008,Twi,379045,379845,800
GH008,English,379845,383990,4145
GH008,Twi,384496,388929,4433
GH008,English,388929,391170,2241
GH008,Twi,391841,391898,57
GH008,English,391898,394120,2222
GH008,Twi,394502,394659,157
GH008,English,394659,397897,3238
GH008,Twi,397897,398303,406
GH008,Twi,398829,400444,1615
GH008,Twi,400915,402229,1314
GH008,English,402229,405730,3501
GH008,Twi,405853,408052,2199
GH008,Twi,408468,411869,3401
GH008,English,411869,413098,1229
GH008,Twi,413862,415542,1680
GH008,Twi,416366,416852,486
GH008,Twi,417408,418949,1541
GH008,Twi,421494,422947,1453
GH008,Twi,423391,425261,1870
GH008,Twi,426190,426280,90
GH008,English,426280,427558,1278
GH008,Twi,427558,432928,5370
GH008,Twi,433329,438257,4928
GH008,English,438354,443600,5246
GH008,Twi,445667,445837,170
GH008,English,445837,447231,1394
GH008,Twi,448364,448506,142
GH008,English,448506,449227,721
GH008,Twi,451153,452347,1194
GH008,English,452347,452963,616
GH008,Twi,452963,453557,594
GH008,English,453557,454120,563
GH008,Twi,454120,454548,428
GH008,English,457123,459112,1989
GH008,English,460430,462670,2240
GH008,Twi,464013,464958,945
GH008,English,464958,465190,232
GH008,Twi,465190,465382,192
GH008,English,465745,467544,1799
GH008,Twi,468382,469330,948
GH008,English,469330,469560,230
GH008,Twi,469560,474216,4656
GH008,English,474216,474763,547
GH008,Twi,474763,476233,1470
GH008,English,476233,476815,582
GH008,Twi,476815,477399,584
GH008,Twi,477868,480898,3030
GH008,Twi,481332,482150,818
GH008,Twi,482813,484208,1395
GH008,Twi,486945,487799,854
GH008,English,487799,489721,1922
GH008,Twi,491330,491400,70
GH008,English,491400,493330,1930
GH008,Twi,494192,496779,2587
GH008,English,496779,497716,937
GH008,Twi,497716,497781,65
GH008,English,497781,501660,3879
GH008,Twi,501660,503725,2065
GH008,English,503725,504636,911
GH008,Twi,504636,504645,9
GH008,English,504645,506222,1577
GH008,Twi,511391,512199,808
GH008,English,512199,513139,940
GH008,Twi,513706,514712,1006
GH008,English,514712,515799,1087
GH008,Twi,516066,516798,732
GH008,English,518543,520265,1722
GH008,Twi,520557,521022,465
GH008,English,522538,525500,2962
GH008,Twi,525765,527452,1687
GH008,English,527452,528346,894
GH008,Twi,528346,530374,2028
GH008,Twi,531332,534836,3504
GH008,Twi,535960,539068,3108
GH008,Twi,539923,544153,4230
GH008,English,546025,547521,1496
GH008,English,551020,552970,1950
GH008,Twi,552970,553007,37
GH008,Twi,553662,553985,323
GH008,English,553985,555049,1064
GH008,English,555915,556590,675
GH008,Twi,556590,557360,770
GH008,English,557360,558569,1209
GH008,English,559630,562530,2900
GH008,English,564040,566624,2584
GH008,English,566992,581590,14598
GH008,Twi,581590,585220,3630
GH008,English,585220,587990,2770
GH008,Twi,587990,589441,1451
GH008,English,589441,590430,989
GH008,Twi,590430,591244,814
GH008,English,591244,592010,766
GH008,Twi,592010,593105,1095
GH008,English,593105,599838,6733
GH008,Twi,599838,599982,144
GH009,English,33,862,829
GH009,Twi,862,1543,681
GH009,Twi,1946,1960,14
GH009,English,1960,2350,390
GH009,Twi,2350,3740,1390
GH009,English,3740,4239,499
GH009,Twi,4239,9970,5731
GH009,Twi,10860,12244,1384
GH009,Twi,14284,18644,4360
GH009,Twi,19238,20028,790
GH009,Twi,22102,22303,201
GH009,English,22303,22972,669
GH009,Twi,23582,23979,397
GH009,Twi,24397,24993,596
GH009,Twi,26172,27652,1480
GH009,English,28191,34707,6516
GH009,Twi,34707,35050,343
GH009,English,36656,41925,5269
GH009,English,42384,66540,24156
GH009,Twi,66540,66543,3
GH009,Twi,67558,70038,2480
GH009,Twi,71113,73733,2620
GH009,English,75919,79013,3094
GH009,Twi,79013,79267,254
GH009,Twi,79830,83940,4110
GH009,Twi,84616,87123,2507
GH009,Twi,88359,90265,1906
GH009,Twi,91827,92806,979
GH009,English,93490,95130,1640
GH009,Twi,95130,96101,971
GH009,Twi,96652,97460,808
GH009,English,97460,97970,510
GH009,Twi,97970,99770,1800
GH009,Twi,100571,101274,703
GH009,Twi,101796,102370,574
GH009,English,102370,103460,1090
GH009,Twi,104743,106012,1269
GH009,Twi,106569,107370,801
GH009,English,107586,113000,5414
GH009,Twi,114131,114340,209
GH009,English,114340,114960,620
GH009,Twi,114960,115134,174
GH009,Twi,115548,116500,952
GH009,Twi,117179,118103,924
GH009,Twi,119293,120108,815
GH009,Twi,121474,122931,1457
GH009,English,122931,128480,5549
GH009,Twi,130891,135974,5083
GH009,Twi,136615,137090,475
GH009,English,137090,137800,710
GH009,Twi,137800,138293,493
GH009,Twi,139042,141882,2840
GH009,Twi,142513,150565,8052
GH009,Twi,151024,152128,1104
GH009,Twi,152626,158431,5805
GH009,Twi,159339,160667,1328
GH009,Twi,162332,164405,2073
GH009,Twi,166431,168207,1776
GH009,Twi,169571,170138,567
GH009,Twi,170694,170991,297
GH009,Twi,174254,177237,2983
GH009,Twi,178473,179899,1426
GH009,Twi,181311,181500,189
GH009,English,181500,182180,680
GH009,Twi,182180,183317,1137
GH009,Twi,183976,184367,391
GH009,English,184367,184946,579
GH009,Twi,184946,190159,5213
GH009,Twi,191495,192138,643
GH009,Twi,192682,195222,2540
GH009,Twi,195950,208197,12247
GH009,Twi,210350,212551,2201
GH009,Twi,213368,215524,2156
GH009,Twi,216623,217301,678
GH009,Twi,218442,219208,766
GH009,Twi,219969,222237,2268
GH009,English,222237,223280,1043
GH009,Twi,223280,225070,1790
GH009,English,225070,226036,966
GH009,Twi,226036,226092,56
GH009,English,226092,227490,1398
GH009,Twi,227490,228128,638
GH009,English,228128,229029,901
GH009,English,229801,230491,690
GH009,Twi,230491,230893,402
GH009,Twi,231520,231762,242
GH009,English,231762,232550,788
GH009,Twi,232550,234430,1880
GH009,English,234430,235220,790
GH009,Twi,235220,235850,630
GH009,Twi,236481,237878,1397
GH009,English,237878,238577,699
GH009,Twi,239202,240286,1084
GH009,Twi,241460,242083,623
GH009,English,242083,247399,5316
GH009,Twi,248026,255202,7176
GH009,English,255202,256491,1289
GH009,Twi,256491,256561,70
GH009,Twi,257700,263551,5851
GH009,English,263551,264461,910
GH009,Twi,264461,267090,2629
GH009,English,267090,267630,540
GH009,English,268391,270890,2499
GH009,Twi,270890,272753,1863
GH009,Twi,274272,275070,798
GH009,Twi,275615,278924,3309
GH009,Twi,281946,285711,3765
GH009,English,286004,286670,666
GH009,Twi,286670,289219,2549
GH009,Twi,291533,292652,1119
GH009,Twi,293617,295289,1672
GH009,Twi,296186,302104,5918
GH009,Twi,303121,305404,2283
GH009,Twi,305903,306700,797
GH009,English,306700,307100,400
GH009,Twi,307100,309084,1984
GH009,Twi,309507,311995,2488
GH009,Twi,313084,314228,1144
GH009,Twi,315402,315828,426
GH009,Twi,316752,317331,579
GH009,Twi,318685,320227,1542
GH009,Twi,321105,325353,4248
GH009,Twi,329275,330340,1065
GH009,English,330669,332803,2134
GH009,Twi,333684,336686,3002
GH009,Twi,337342,341574,4232
GH009,Twi,341979,343075,1096
GH009,Twi,343588,344286,698
GH009,Twi,349397,350115,718
GH009,Twi,350783,351837,1054
GH009,Twi,354180,355198,1018
GH009,Twi,356273,357336,1063
GH009,English,359310,359690,380
GH009,Twi,359690,360809,1119
GH009,Twi,364163,365155,992
GH009,Twi,367141,368868,1727
GH009,Twi,369953,371305,1352
GH009,Twi,371965,372602,637
GH009,Twi,374166,374682,516
GH009,Twi,378778,379326,548
GH009,Twi,379979,380388,409
GH009,Twi,380953,382000,1047
GH009,Twi,385251,386916,1665
GH009,Twi,390278,390664,386
GH009,English,391100,391560,460
GH009,Twi,391560,392383,823
GH009,Twi,392958,395257,2299
GH009,Twi,397399,397500,101
GH009,English,397500,398040,540
GH009,Twi,398040,398439,399
GH009,English,398439,398880,441
GH009,Twi,398880,399171,291
GH009,English,399171,399877,706
GH009,Twi,401216,404033,2817
GH009,English,404096,404930,834
GH009,Twi,404930,405245,315
GH009,Twi,406251,407639,1388
GH009,Twi,408320,409033,713
GH009,Twi,409566,411624,2058
GH009,Twi,412193,413095,902
GH009,Twi,417079,417621,542
GH009,Twi,419482,420335,853
GH009,Twi,420938,421584,646
GH009,Twi,422259,423629,1370
GH009,Twi,424543,425382,839
GH009,Twi,428787,430999,2212
GH009,Twi,432484,434043,1559
GH009,Twi,434742,435743,1001
GH009,Twi,436645,437568,923
GH009,Twi,439517,440177,660
GH009,English,440177,440905,728
GH009,English,441667,454385,12718
GH009,Twi,454463,456901,2438
GH009,English,457472,458392,920
GH009,Twi,461988,462639,651
GH009,Twi,463155,466477,3322
GH009,Twi,468742,472152,3410
GH009,Twi,473041,476884,3843
GH009,Twi,477352,481033,3681
GH009,Twi,481535,487595,6060
GH009,Twi,488594,491490,2896
GH009,Twi,492075,495006,2931
GH009,Twi,496751,500341,3590
GH009,Twi,500804,501821,1017
GH009,Twi,506853,508747,1894
GH009,Twi,509213,511014,1801
GH009,Twi,513160,514773,1613
GH009,Twi,518174,518703,529
GH009,Twi,519123,520699,1576
GH009,Twi,525178,527800,2622
GH009,Twi,528545,529947,1402
GH009,Twi,531304,532270,966
GH009,Twi,532955,533578,623
GH009,Twi,534093,535480,1387
GH009,Twi,537258,538333,1075
GH009,Twi,540872,541456,584
GH009,English,544550,553640,9090
GH009,Twi,554049,555443,1394
GH009,Twi,557148,557852,704
GH009,Twi,558294,561573,3279
GH009,Twi,562555,568030,5475
GH009,English,568030,568690,660
GH009,Twi,568960,569709,749
GH009,Twi,571604,572933,1329
GH009,English,575912,576870,958
GH009,Twi,576870,579873,3003
GH009,Twi,581050,590449,9399
GH010,English,0,8049,8049
GH010,Twi,8049,9748,1699
GH010,English,10078,17220,7142
GH010,Twi,17220,19573,2353
GH010,English,19867,21752,1885
GH010,Twi,21752,22405,653
GH010,Twi,22906,24364,1458
GH010,English,24364,27507,3143
GH010,Twi,27507,28118,611
GH010,English,28118,30797,2679
GH010,Twi,30797,32281,1484
GH010,Twi,33426,33954,528
GH010,English,33954,43693,9739
GH010,Twi,43693,45249,1556
GH010,English,45826,54094,8268
GH010,Twi,54596,55911,1315
GH010,English,55911,61408,5497
GH010,Twi,61700,63543,1843
GH010,Twi,64542,64934,392
GH010,English,64934,68848,3914
GH010,Twi,68848,70311,1463
GH010,Twi,70841,72827,1986
GH010,Twi,73335,75804,2469
GH010,English,75804,76594,790
GH010,Twi,76594,76843,249
GH010,English,77483,78227,744
GH010,Twi,78227,80571,2344
GH010,Twi,81068,82912,1844
GH010,English,82912,85142,2230
GH010,English,85161,87401,2240
GH010,Twi,87401,88586,1185
GH010,Twi,88987,90385,1398
GH010,Twi,90909,93023,2114
GH010,Twi,93590,94490,900
GH010,English,94490,94959,469
GH010,Twi,94959,96177,1218
GH010,Twi,96725,97080,355
GH010,English,97080,98263,1183
GH010,English,98300,98670,370
GH010,Twi,98670,100411,1741
GH010,English,100411,100864,453
GH010,Twi,100864,101409,545
GH010,English,101804,105207,3403
GH010,Twi,105207,106666,1459
GH010,Twi,107156,110422,3266
GH010,English,110844,112472,1628
GH010,Twi,113257,115609,2352
GH010,English,115609,116996,1387
GH010,Twi,116996,121799,4803
GH010,Twi,122230,123001,771
GH010,Twi,124462,127050,2588
GH010,Twi,128424,130150,1726
GH010,English,130150,134450,4300
GH010,Twi,134450,134503,53
GH010,English,134503,135883,1380
GH010,Twi,136037,136440,403
GH010,English,136440,136890,450
GH010,Twi,136890,138034,1144
GH010,Twi,138499,140016,1517
GH010,Twi,140879,143899,3020
GH010,Twi,144302,147152,2850
GH010,Twi,147964,148040,76
GH010,English,148040,152500,4460
GH010,English,152561,155981,3420
GH010,Twi,156492,157057,565
GH010,English,157057,157230,173
GH010,Twi,157230,157757,527
GH010,Twi,158286,159122,836
GH010,Twi,159555,162752,3197
GH010,English,163228,164467,1239
GH010,Twi,164467,165152,685
GH010,English,165894,173790,7896
GH010,Twi,174377,174929,552
GH010,English,174929,175388,459
GH010,Twi,175388,175474,86
GH010,Twi,175901,181581,5680
GH010,Twi,182088,184225,2137
GH010,Twi,184777,187725,2948
GH010,Twi,188178,188823,645
GH010,Twi,189693,191116,1423
GH010,Twi,191615,194545,2930
GH010,English,195422,197862,2440
GH010,Twi,198197,199350,1153
GH010,Twi,200281,200603,322
GH010,Twi,201106,201360,254
GH010,English,201360,201760,400
GH010,Twi,201760,204482,2722
GH010,Twi,204922,205737,815
GH010,English,205737,206522,785
GH010,Twi,206947,210270,3323
GH010,English,210270,213310,3040
GH010,Twi,213310,213915,605
GH010,English,213915,214750,835
GH010,Twi,214750,215140,390
GH010,Twi,215701,215806,105
GH010,English,215806,217362,1556
GH010,English,217362,217622,260
GH010,Twi,217622,218566,944
GH010,English,218643,221613,2970
GH010,Twi,221613,223569,1956
GH010,Twi,224029,224082,53
GH010,English,224082,224680,598
GH010,Twi,224680,225540,860
GH010,English,225540,226180,640
GH010,Twi,226180,227838,1658
GH010,Twi,228274,229317,1043
GH010,Twi,229867,230005,138
GH010,English,230005,230670,665
GH010,Twi,230670,232265,1595
GH010,Twi,232913,234003,1090
GH010,Twi,235296,239029,3733
GH010,Twi,240267,245669,5402
GH010,Twi,246095,246480,385
GH010,English,246480,249448,2968
GH010,Twi,251342,251378,36
GH010,English,251378,260114,8736
GH010,Twi,260114,261399,1285
GH010,Twi,263489,263746,257
GH010,Twi,264266,265570,1304
GH010,English,265570,267592,2022
GH010,Twi,268640,273848,5208
GH010,Twi,274357,274923,566
GH010,English,275489,275822,333
GH010,Twi,275822,278201,2379
GH010,Twi,279390,280607,1217
GH010,Twi,281497,283203,1706
GH010,Twi,284202,284307,105
GH010,English,284307,288691,4384
GH010,Twi,288922,289218,296
GH010,English,289218,289895,677
GH010,English,289895,290560,665
GH010,Twi,290560,292668,2108
GH010,Twi,293234,296014,2780
GH010,Twi,296966,299067,2101
GH010,Twi,299539,300928,1389
GH010,English,301625,306680,5055
GH010,English,307614,307812,198
GH010,Twi,307812,309420,1608
GH010,English,309420,313290,3870
GH010,English,313328,314180,852
GH010,Twi,314180,315399,1219
GH010,Twi,317820,318728,908
GH010,English,318728,319277,549
GH010,Twi,319527,322214,2687
GH010,English,322214,331980,9766
GH010,Twi,331980,332933,953
GH010,Twi,333410,334085,675
GH010,English,334085,335921,1836
GH010,Twi,337452,339210,1758
GH010,English,339210,345260,6050
GH010,Twi,346391,347555,1164
GH010,English,347555,348063,508
GH010,Twi,348063,349066,1003
GH010,Twi,350108,352371,2263
GH010,English,352371,358332,5961
GH010,Twi,358554,360334,1780
GH010,English,361028,362489,1461
GH010,Twi,362489,363939,1450
GH010,English,363939,365407,1468
GH010,Twi,365407,366681,1274
GH010,Twi,367195,372406,5211
GH010,English,372406,374385,1979
GH010,Twi,374649,378161,3512
GH010,English,378330,381624,3294
GH010,Twi,382486,383731,1245
GH010,Twi,384160,384211,51
GH010,English,384211,384687,476
GH010,Twi,384687,384691,4
GH010,English,384691,385084,393
GH010,Twi,385084,385951,867
GH010,English,385951,387062,1111
GH010,Twi,387358,389284,1926
GH010,Twi,390293,391978,1685
GH010,Twi,393406,393786,380
GH010,English,393786,396814,3028
GH010,Twi,397899,399373,1474
GH010,English,399373,400003,630
GH010,Twi,400003,400026,23
GH010,English,400026,400816,790
GH010,Twi,400816,401176,360
GH010,English,401176,407042,5866
GH010,Twi,407478,408017,539
GH010,Twi,408431,409327,896
GH010,Twi,409955,411465,1510
GH010,Twi,412074,413271,1197
GH010,English,413271,418099,4828
GH010,Twi,418099,418394,295
GH010,English,418394,418730,336
GH010,Twi,418730,419347,617
GH010,Twi,419926,422510,2584
GH010,Twi,423081,425315,2234
GH010,Twi,425763,426239,476
GH010,English,426239,431020,4781
GH010,Twi,431020,434305,3285
GH010,English,434409,435703,1294
GH010,Twi,435703,436856,1153
GH010,Twi,437478,438082,604
GH010,English,438082,439870,1788
GH010,Twi,440491,441176,685
GH010,English,441176,441900,724
GH010,Twi,441900,442947,1047
GH010,English,442947,445102,2155
GH010,Twi,446544,448309,1765
GH010,Twi,450755,454900,4145
GH010,Twi,455550,457629,2079
GH010,English,457629,460659,3030
GH010,Twi,460659,461843,1184
GH010,English,461843,463921,2078
GH010,Twi,463921,466230,2309
GH010,English,466230,472624,6394
GH010,Twi,472951,478479,5528
GH010,English,479192,482986,3794
GH010,Twi,482986,484216,1230
GH010,English,484216,488415,4199
GH010,Twi,488721,490211,1490
GH010,English,490422,491032,610
GH010,Twi,491032,492907,1875
GH010,Twi,493435,496188,2753
GH010,Twi,496616,497218,602
GH010,Twi,497762,504414,6652
GH010,English,504414,504969,555
GH010,English,505581,505960,379
GH010,Twi,505960,506442,482
GH010,English,506994,512302,5308
GH010,Twi,512302,512885,583
GH010,English,512885,513688,803
GH010,Twi,514332,515774,1442
GH010,Twi,517485,517950,465
GH011,English,0,4140,4140
GH011,Twi,4140,7435,3295
GH011,English,7435,8353,918
GH011,English,9954,11739,1785
GH011,Twi,11864,12219,355
GH011,English,12219,14463,2244
GH011,Twi,16243,20730,4487
GH011,English,20730,21282,552
GH011,Twi,21282,21569,287
GH011,Twi,22410,23163,753
GH011,Twi,24539,24718,179
GH011,English,24718,30213,5495
GH011,Twi,30213,30545,332
GH011,English,30545,31889,1344
GH011,Twi,31889,32820,931
GH011,Twi,35954,36236,282
GH011,English,36236,36987,751
GH011,Twi,36987,37660,673
GH011,English,37660,38743,1083
GH011,Twi,38743,39922,1179
GH011,English,39922,41412,1490
GH011,Twi,42957,43821,864
GH011,English,43821,50193,6372
GH011,Twi,50802,51952,1150
GH011,Twi,52455,55427,2972
GH011,English,55427,57676,2249
GH011,English,59153,65225,6072
GH011,Twi,66576,66616,40
GH011,English,66616,71051,4435
GH011,Twi,71051,74529,3478
GH011,English,74529,74883,354
GH011,Twi,74883,76547,1664
GH011,English,76547,77640,1093
GH011,Twi,77640,77772,132
GH011,English,83271,91984,8713
GH011,Twi,91984,93380,1396
GH011,English,93380,94588,1208
GH011,Twi,94588,95237,649
GH011,Twi,96006,98642,2636
GH011,Twi,100836,101714,878
GH011,English,101714,110050,8336
GH011,Twi,110050,111242,1192
GH011,Twi,111696,112326,630
GH011,English,112326,112506,180
GH011,Twi,112506,113397,891
GH011,English,113397,114117,720
GH011,Twi,114117,115895,1778
GH011,Twi,117009,117519,510
GH011,English,117519,118753,1234
GH011,Twi,118753,119030,277
GH011,English,119030,119830,800
GH011,Twi,119830,119908,78
GH011,Twi,123499,124212,713
GH011,English,124212,125148,936
GH011,Twi,125148,125270,122
GH011,English,125270,130005,4735
GH011,Twi,130986,131194,208
GH011,English,131194,131997,803
GH011,Twi,131997,133938,1941
GH011,English,133938,134854,916
GH011,Twi,134854,135307,453
GH011,English,135307,136581,1274
GH011,Twi,136581,138717,2136
GH011,Twi,140789,141915,1126
GH011,English,141915,142344,429
GH011,Twi,142344,142645,301
GH011,English,142645,143157,512
GH011,Twi,143567,143800,233
GH011,English,143800,144180,380
GH011,Twi,144180,146670,2490
GH011,English,146670,147190,520
GH011,Twi,147190,147463,273
GH011,English,149023,154220,5197
GH011,Twi,154220,158531,4311
GH011,Twi,162006,164740,2734
GH011,Twi,166443,167614,1171
GH011,English,167614,168154,540
GH011,Twi,168154,170480,2326
GH011,Twi,175460,176890,1430
GH011,Twi,178130,181968,3838
GH011,Twi,183165,185499,2334
GH011,Twi,186660,191962,5302
GH011,English,191962,193919,1957
GH011,Twi,194021,194279,258
GH011,English,194279,195916,1637
GH011,Twi,195916,196327,411
GH011,Twi,197323,199215,1892
GH011,Twi,199847,201599,1752
GH011,English,201599,202153,554
GH011,Twi,202153,204942,2789
GH011,English,207387,209237,1850
GH011,Twi,209237,211963,2726
GH011,English,211963,220214,8251
GH011,Twi,220543,221110,567
GH011,Twi,222769,223014,245
GH011,English,223014,224078,1064
GH011,Twi,224078,226118,2040
GH011,Twi,229295,229465,170
GH011,English,229465,230019,554
GH011,Twi,230019,232780,2761
GH011,English,232780,233120,340
GH011,Twi,233120,233520,400
GH011,English,233520,234214,694
GH011,Twi,234214,235706,1492
GH011,English,235706,236353,647
GH011,Twi,236353,237024,671
GH011,English,237024,237583,559
GH011,Twi,237583,240984,3401
GH011,Twi,242527,243211,684
GH011,English,243211,246377,3166
GH011,Twi,246377,249150,2773
GH011,Twi,249551,250472,921
GH011,Twi,252631,253507,876
GH011,Twi,253948,254994,1046
GH011,Twi,255519,258022,2503
GH011,Twi,258642,261049,2407
GH011,Twi,261687,262528,841
GH011,English,264075,266806,2731
GH011,Twi,266806,269840,3034
GH011,Twi,272338,272480,142
GH011,English,272480,273080,600
GH011,Twi,273080,276179,3099
GH011,English,276179,276560,381
GH011,Twi,276560,277960,1400
GH011,English,277960,278400,440
GH011,Twi,278400,280090,1690
GH011,English,280090,280990,900
GH011,Twi,280990,284997,4007
GH011,Twi,287201,290312,3111
GH011,Twi,291791,292331,540
GH011,English,292331,294283,1952
GH011,English,294937,296509,1572
GH011,Twi,296509,297228,719
GH011,English,297228,303934,6706
GH011,Twi,305624,305882,258
GH011,English,305882,307087,1205
GH011,Twi,307087,307977,890
GH011,English,307977,308247,270
GH011,Twi,308247,308883,636
GH011,Twi,309556,311869,2313
GH011,English,311869,313550,1681
GH011,Twi,313550,315617,2067
GH011,English,315617,316734,1117
GH011,Twi,316734,317220,486
GH011,Twi,317827,318247,420
GH011,Twi,320600,321366,766
GH011,English,321366,321986,620
GH011,Twi,321986,322039,53
GH011,Twi,322932,323831,899
GH011,Twi,324401,325994,1593
GH011,English,326358,327020,662
GH011,Twi,327020,329318,2298
GH011,Twi,329882,330417,535
GH011,English,331105,332977,1872
GH011,Twi,334067,334251,184
GH011,English,334251,338270,4019
GH011,Twi,338623,340098,1475
GH011,Twi,340711,342925,2214
GH011,English,345048,346318,1270
GH011,Twi,346318,347036,718
GH011,English,347036,347765,729
GH011,Twi,347765,350851,3086
GH011,Twi,351394,355116,3722
GH011,Twi,355639,356339,700
GH011,Twi,356912,357822,910
GH011,Twi,359069,362372,3303
GH011,English,362372,374423,12051
GH011,Twi,375363,375818,455
GH011,English,375818,376824,1006
GH011,Twi,377695,379848,2153
GH011,Twi,380679,381751,1072
GH011,English,381751,383251,1500
GH011,Twi,383620,383993,373
GH011,Twi,384826,385430,604
GH011,English,385430,386833,1403
GH011,Twi,387008,387519,511
GH011,English,387519,387972,453
GH011,Twi,387972,389302,1330
GH011,Twi,390012,397480,7468
GH011,Twi,400603,402342,1739
GH011,Twi,404571,405115,544
GH011,Twi,406568,407576,1008
GH011,Twi,408310,415109,6799
GH011,Twi,415511,417007,1496
GH011,Twi,417414,418408,994
GH011,English,418408,420788,2380
GH011,Twi,420788,421875,1087
GH011,Twi,422316,425405,3089
GH011,Twi,425916,427107,1191
GH011,Twi,428488,432288,3800
GH011,Twi,433199,433632,433
GH011,Twi,435511,439186,3675
GH011,Twi,439832,442487,2655
GH011,Twi,443115,444188,1073
GH011,Twi,444624,445710,1086
GH011,Twi,446152,446490,338
GH011,English,446490,447367,877
GH011,Twi,447711,449374,1663
GH011,Twi,452698,453141,443
GH011,English,453405,453975,570
GH011,Twi,453975,455827,1852
GH011,Twi,457009,458868,1859
GH011,Twi,461321,462846,1525
GH011,English,462846,464802,1956
GH011,Twi,464802,464950,148
