file,stroke_id,start_ms,end_ms,dur_ms,gesture_type
GH001,a1,2980,3990,1010,beat
GH001,a2,5335,13086,7751,beat
GH001,a3,13549,15106,1557,beat
GH001,a4,19701,26634,6933,beat
GH001,a5,34148,39556,5408,deictic
GH001,a6,44104,51362,7258,beat
GH001,a7,52205,53122,917,beat
GH001,a8,54754,59532,4778,beat
GH001,a9,60981,70747,9766,iconic
GH001,a10,86261,90993,4732,deictic
GH001,a11,92677,93464,787,beat
GH001,a12,94661,98734,4073,beat
GH001,a13,120109,121257,1148,beat
GH001,a14,124091,126483,2392,deictic
GH001,a15,127585,130988,3403,beat
GH001,a16,135146,140976,5830,beat
GH001,a17,145156,146382,1226,beat
GH001,a18,148539,149779,1240,beat
GH001,a19,152109,153838,1729,beat
GH001,a20,159421,162578,3157,beat
GH001,a21,169599,171916,2317,beat
GH001,a22,172959,174676,1717,beat
GH001,a23,176773,178893,2120,beat
GH001,a24,179736,182472,2736,beat
GH001,a25,189366,193935,4569,beat
GH001,a26,196552,198931,2379,beat
GH001,a27,201129,204682,3553,beat
GH001,a28,212555,213671,1116,deictic
GH001,a29,215359,219137,3778,deictic
GH001,a30,227811,230281,2470,beat
GH001,a31,240009,241040,1031,deictic
GH001,a32,242718,243645,927,beat
GH001,a33,245245,246402,1157,deictic
GH001,a34,250268,253518,3250,beat
GH001,a35,255014,259161,4147,beat
GH001,a36,261999,267323,5324,beat
GH001,a37,289021,291227,2206,iconic
GH001,a38,295200,296707,1507,beat
GH001,a39,297509,298166,657,beat
GH001,a40,301323,308161,6838,beat
GH001,a41,309764,312956,3192,beat
GH001,a42,316490,320277,3787,beat
GH001,a43,320587,326836,6249,iconic
GH001,a44,327478,329977,2499,beat
GH001,a45,330067,330855,788,deictic
GH001,a46,331623,332459,836,deictic
GH002,a1,2768,4783,2015,beat
GH002,a2,9940,11090,1150,beat
GH002,a3,13069,16544,3475,beat
GH002,a4,25388,28702,3314,beat
GH002,a5,35485,37239,1754,beat
GH002,a6,37973,43701,5728,beat
GH002,a7,44391,46992,2601,beat
GH002,a8,48010,49190,1180,beat
GH002,a9,49460,51288,1828,beat
GH002,a10,58132,60039,1907,iconic
GH002,a11,60938,62361,1423,beat
GH002,a12,63300,63970,670,deictic
GH002,a13,64179,64972,793,deictic
GH002,a14,67302,69051,1749,beat
GH002,a15,69620,69860,240,beat
GH002,a16,69940,70118,178,beat
GH002,a17,71716,72559,843,beat
GH002,a18,72656,73432,776,iconic
GH002,a19,73460,75225,1765,beat
GH002,a20,75865,77621,1756,iconic
GH002,a21,79986,84988,5002,beat
GH002,a22,86952,88813,1861,beat
GH002,a23,90706,91543,837,beat
GH002,a24,92250,92819,569,beat
GH002,a25,97501,101066,3565,beat
GH002,a26,101263,104044,2781,beat
GH002,a27,104514,104938,424,beat
GH002,a28,108290,108688,398,beat
GH002,a29,109102,109730,628,beat
GH002,a30,109927,110689,762,beat
GH002,a31,111953,114757,2804,beat
GH002,a32,120325,121465,1140,beat
GH002,a33,121602,124110,2508,beat
GH002,a34,124159,124586,427,iconic
GH002,a35,124674,125638,964,iconic
GH002,a36,125911,128248,2337,beat
GH002,a37,129721,130281,560,beat
GH002,a38,130640,132987,2347,beat
GH002,a39,133552,136495,2943,iconic
GH002,a40,137287,138402,1115,iconic
GH002,a41,138510,139492,982,iconic
GH002,a42,139592,140798,1206,iconic
GH002,a43,141270,142370,1100,beat
GH002,a44,145788,146618,830,deictic
GH003,a1,369,3528,3159,beat
GH003,a2,6173,12004,5831,beat
GH003,a3,14280,15960,1680,deictic
GH003,a4,17869,18608,739,iconic
GH003,a5,19348,26370,7022,iconic
GH003,a6,26950,42560,15610,beat
GH003,a7,43314,48540,5226,beat
GH003,a8,48875,52293,3418,beat
GH003,a9,52653,54673,2020,beat
GH003,a10,55354,57429,2075,iconic
GH003,a11,60643,63024,2381,iconic
GH003,a12,64838,66728,1890,iconic
GH003,a13,66728,73288,6560,beat
GH003,a14,73400,76285,2885,beat
GH003,a15,77856,82661,4805,iconic
GH003,a16,82828,83965,1137,beat
GH003,a17,84334,87403,3069,beat
GH003,a18,87890,91441,3551,iconic
GH003,a19,91755,99094,7339,beat
GH003,a20,100319,103629,3310,iconic
GH003,a21,104254,109860,5606,beat
GH003,a22,113096,117045,3949,beat
GH003,a23,117340,126849,9509,beat
GH003,a24,130283,141650,11367,beat
GH003,a25,143376,147892,4516,beat
GH003,a26,150166,156796,6630,beat
GH003,a27,159465,164325,4860,deictic
GH003,a28,166943,171253,4310,iconic
GH003,a29,171428,173146,1718,deictic
GH003,a30,179662,196084,16422,beat
GH003,a31,197320,199895,2575,beat
GH003,a32,200679,205902,5223,beat
GH003,a33,206042,208319,2277,deictic
GH003,a34,212877,217736,4859,iconic
GH003,a35,217861,218550,689,beat
GH003,a36,227013,232052,5039,deictic
GH003,a37,232470,235319,2849,beat
GH003,a38,237551,240836,3285,beat
GH003,a39,241282,242822,1540,deictic
GH003,a40,245469,248963,3494,beat
GH003,a41,252958,254799,1841,iconic
GH003,a42,255239,260058,4819,beat
GH003,a43,260167,262966,2799,beat
GH003,a44,263247,268226,4979,iconic
GH003,a45,268378,271170,2792,beat
GH003,a46,271938,275225,3287,beat
GH003,a47,279770,285818,6048,beat
GH003,a48,286397,288874,2477,iconic
GH003,a49,290032,293234,3202,beat
GH003,a50,293485,301876,8391,iconic
GH003,a51,301936,304426,2490,beat
GH003,a52,310255,311365,1110,beat
GH003,a53,311365,314518,3153,beat
GH003,a54,314614,317180,2566,iconic
GH003,a55,326160,328542,2382,beat
GH003,a56,331095,332985,1890,iconic
GH003,a57,342840,344000,1160,beat
GH003,a58,346201,351375,5174,beat
GH003,a59,352762,354505,1743,beat
GH003,a60,354837,357420,2583,beat
GH003,a61,357744,361650,3906,beat
GH003,a62,361769,365020,3251,beat
GH003,a63,365080,366219,1139,iconic
GH003,a64,366473,376930,10457,beat
GH003,a65,379343,382493,3150,iconic
GH003,a66,383807,390163,6356,beat
GH003,a67,393757,397971,4214,beat
GH003,a68,398010,400229,2219,beat
GH003,a69,400899,406683,5784,beat
GH003,a70,407010,412834,5824,deictic
GH004,a1,1423,2233,810,beat
GH004,a2,3139,10285,7146,beat
GH004,a3,11432,13539,2107,deictic
GH004,a4,15900,17410,1510,deictic
GH004,a5,20546,21916,1370,beat
GH004,a6,22663,23128,465,deictic
GH004,a7,28588,29912,1324,beat
GH004,a8,30877,34267,3390,beat
GH004,a9,34736,36830,2094,beat
GH004,a10,37748,41130,3382,beat
GH004,a11,41961,43331,1370,deictic
GH004,a12,44597,46650,2053,beat
GH004,a13,47090,47699,609,iconic
GH004,a14,49308,55220,5912,beat
GH004,a15,55668,56842,1174,deictic
GH004,a16,56890,57290,400,deictic
GH004,a17,58129,59530,1401,beat
GH004,a18,59640,60460,820,deictic
GH004,a19,61232,64005,2773,beat
GH004,a20,64037,70136,6099,beat
GH004,a21,70555,71480,925,iconic
GH004,a22,71729,73291,1562,beat
GH004,a23,76044,77101,1057,deictic
GH004,a24,78321,79405,1084,deictic
GH004,a25,81773,86896,5123,beat
GH004,a26,87861,89352,1491,iconic
GH004,a27,89767,91770,2003,iconic
GH004,a28,91893,92460,567,beat
GH004,a29,94090,94543,453,iconic
GH004,a30,97815,99950,2135,deictic
GH004,a31,101243,102041,798,deictic
GH004,a32,102342,106058,3716,deictic
GH004,a33,108444,112236,3792,beat
GH004,a34,112680,114150,1470,beat
GH004,a35,114240,116010,1770,iconic
GH004,a36,116068,120376,4308,beat
GH004,a37,135773,137325,1552,beat
GH004,a38,138383,139929,1546,beat
GH004,a39,141017,141990,973,beat
GH004,a40,142205,144256,2051,deictic
GH004,a41,144388,145286,898,iconic
GH004,a42,145857,147250,1393,iconic
GH004,a43,148069,149713,1644,iconic
GH004,a44,149836,150993,1157,beat
GH004,a45,152185,153987,1802,beat
GH004,a46,154745,158008,3263,beat
GH004,a47,158112,161660,3548,deictic
GH004,a48,161780,162450,670,beat
GH004,a49,163664,165249,1585,iconic
GH004,a50,165280,171061,5781,beat
GH004,a51,171635,172338,703,iconic
GH004,a52,172653,176294,3641,beat
GH004,a53,177104,178159,1055,deictic
GH004,a54,181281,187729,6448,beat
GH004,a55,188717,191145,2428,iconic
GH004,a56,192875,195207,2332,beat
GH004,a57,195308,196288,980,deictic
GH004,a69,198650,201590,2940,beat
GH004,a70,205051,214792,9741,beat
GH004,a60,215576,216808,1232,iconic
GH004,a61,217290,217860,570,iconic
GH004,a62,218886,221272,2386,beat
GH004,a63,221780,223501,1721,iconic
GH004,a64,223508,224202,694,iconic
GH004,a65,226418,234427,8009,beat
GH004,a66,236255,238480,2225,beat
GH004,a67,239530,241110,1580,beat
GH004,a68,241453,242799,1346,iconic
GH005,a1,1476,2696,1220,beat
GH005,a2,3029,9042,6013,beat
GH005,a3,10632,11341,709,beat
GH005,a4,12200,14860,2660,beat
GH005,a5,14986,16123,1137,deictic
GH005,a6,16537,17858,1321,iconic
GH005,a7,17870,18030,160,beat
GH005,a8,21179,24370,3191,beat
GH005,a9,24525,25340,815,deictic
GH005,a10,25443,27838,2395,beat
GH005,a11,28901,30008,1107,beat
GH005,a12,30528,32202,1674,iconic
GH005,a13,32377,34060,1683,beat
GH005,a14,34108,36546,2438,beat
GH005,a15,42152,44049,1897,iconic
GH005,a16,44947,46490,1543,beat
GH005,a17,51209,52390,1181,beat
GH005,a18,52393,59020,6627,iconic
GH005,a19,61029,67538,6509,iconic
GH005,a20,68980,70000,1020,beat
GH005,a21,70028,70960,932,iconic
GH005,a22,74015,75609,1594,beat
GH005,a23,77491,78883,1392,beat
GH005,a24,80175,100500,20325,beat
GH005,a25,102005,104196,2191,iconic
GH005,a26,105839,106520,681,beat
GH005,a27,109254,111920,2666,beat
GH005,a28,112013,114950,2937,beat
GH005,a29,115377,118910,3533,iconic
GH005,a30,119034,121216,2182,beat
GH005,a31,121910,123801,1891,beat
GH006,a1,1105,7760,6655,beat
GH006,a2,8558,12633,4075,beat
GH006,a3,13494,16773,3279,beat
GH006,a4,18505,19585,1080,beat
GH006,a5,36032,38058,2026,beat
GH006,a6,39998,44010,4012,beat
GH006,a7,45001,49482,4481,beat
GH006,a8,49795,50596,801,iconic
GH006,a9,50696,52390,1694,beat
GH006,a10,55490,57422,1932,beat
GH006,a11,60731,62651,1920,iconic
GH006,a12,62674,65463,2789,beat
GH006,a13,68437,69891,1454,iconic
GH006,a14,71566,75017,3451,beat
GH006,a15,76031,84748,8717,iconic
GH006,a16,87029,94117,7088,beat
GH006,a17,94554,96205,1651,iconic
GH006,a18,96370,98225,1855,iconic
GH006,a19,100861,103194,2333,beat
GH006,a20,104452,105772,1320,beat
GH006,a21,106562,113300,6738,beat
GH006,a22,113454,114233,779,iconic
GH006,a23,115530,117800,2270,beat
GH006,a24,122280,123530,1250,deictic
GH006,a25,136522,138760,2238,beat
GH006,a26,138781,141681,2900,iconic
GH006,a27,141815,145970,4155,iconic
GH006,a28,148560,152660,4100,beat
GH006,a29,153901,155680,1779,beat
GH006,a30,160950,162193,1243,deictic
GH006,a31,167827,170846,3019,beat
GH006,a32,171109,172885,1776,beat
GH006,a33,173580,174800,1220,iconic
GH007,a1,2496,4566,2070,iconic
GH007,a2,5390,6590,1200,beat
GH007,a3,7485,8071,586,beat
GH007,a4,9070,10790,1720,beat
GH007,a5,10893,12805,1912,beat
GH007,a6,13182,14082,900,beat
GH007,a7,14290,14670,380,beat
GH007,a8,15396,16367,971,beat
GH007,a9,21044,22280,1236,beat
GH007,a10,22860,23590,730,beat
GH007,a11,24738,34940,10202,beat
GH007,a12,36916,37823,907,beat
GH007,a13,38830,41023,2193,beat
GH007,a14,41971,43293,1322,beat
GH007,a15,45143,48496,3353,iconic
GH007,a16,49884,53461,3577,iconic
GH007,a17,56477,59370,2893,iconic
GH007,a18,59569,62067,2498,beat
GH007,a19,62117,63530,1413,beat
GH007,a20,65856,66891,1035,iconic
GH007,a21,67038,72709,5671,beat
GH007,a22,72871,73871,1000,iconic
GH007,a23,76860,77432,572,beat
GH007,a24,78309,79079,770,beat
GH007,a25,79132,79660,528,deictic
GH007,a26,81490,82140,650,beat
GH007,a27,84324,91968,7644,deictic
GH007,a28,92090,93810,1720,iconic
GH007,a29,94120,95254,1134,beat
GH007,a30,97596,100590,2994,iconic
GH007,a31,100730,121669,20939,deictic
GH007,a32,122039,124064,2025,beat
GH007,a33,124275,125880,1605,iconic
GH007,a34,125990,126511,521,deictic
GH007,a35,127977,128876,899,beat
GH007,a36,130016,133275,3259,beat
GH007,a37,133644,135600,1956,beat
GH007,a38,135728,137140,1412,beat
GH007,a39,137850,140160,2310,iconic
GH007,a40,141000,150955,9955,beat
GH007,a41,150955,151734,779,iconic
GH007,a42,151775,152601,826,beat
GH007,a43,155039,156170,1131,iconic
GH007,a44,156257,157697,1440,iconic
GH007,a45,157792,162580,4788,beat
GH007,a46,164166,164955,789,deictic
GH007,a47,166510,170070,3560,iconic
GH007,a48,170683,171911,1228,iconic
GH007,a49,172020,175490,3470,iconic
GH007,a50,175920,176570,650,beat
GH007,a51,176625,180101,3476,beat
GH007,a52,180585,182261,1676,iconic
GH007,a53,183370,184964,1594,beat
GH007,a54,185397,186714,1317,beat
GH007,a55,186844,188051,1207,iconic
GH007,a56,188423,190048,1625,iconic
GH007,a57,190553,191826,1273,iconic
GH007,a58,191907,193277,1370,iconic
GH007,a59,193349,196363,3014,beat
GH007,a60,197170,197868,698,iconic
GH007,a61,198020,199008,988,beat
GH007,a62,199435,201452,2017,beat
GH007,a63,202910,205901,2991,beat
GH007,a64,207108,211749,4641,beat
GH007,a65,212913,215856,2943,beat
GH007,a66,216547,218656,2109,beat
GH007,a67,219240,223111,3871,beat
GH007,a68,224515,229737,5222,beat
GH007,a69,230686,234712,4026,beat
GH007,a70,235004,236494,1490,beat
GH007,a71,236522,237129,607,beat
GH007,a72,237759,239410,1651,iconic
GH007,a73,240195,242970,2775,iconic
GH007,a74,243458,245660,2202,beat
GH007,a75,246975,261157,14182,beat
GH007,a76,263400,265394,1994,deictic
GH007,a77,265465,266660,1195,beat
GH007,a78,271140,272814,1674,beat
GH007,a79,272833,274433,1600,beat
GH007,a80,275200,279288,4088,beat
GH007,a81,279525,282285,2760,beat
GH007,a82,283249,284140,891,deictic
GH008,a1,1810,3955,2145,iconic
GH008,a2,7036,9116,2080,beat
GH008,a3,10678,12184,1506,beat
GH008,a4,14878,15404,526,beat
GH008,a5,18779,21491,2712,beat
GH008,a6,26319,29418,3099,beat
GH008,a7,35239,39660,4421,beat
GH008,a8,41941,43285,1344,beat
GH008,a9,45909,48065,2156,beat
GH008,a10,50483,52990,2507,beat
GH008,a11,54550,55707,1157,beat
GH008,a12,57720,58560,840,beat
GH008,a13,58682,59608,926,beat
GH008,a14,61810,63645,1835,beat
GH008,a15,65119,69065,3946,beat
GH008,a16,70665,77375,6710,beat
GH008,a17,77375,78544,1169,iconic
GH008,a18,85516,86830,1314,beat
GH008,a19,88594,89848,1254,beat
GH008,a20,91107,92199,1092,beat
GH008,a21,92929,94616,1687,beat
GH008,a22,96884,98054,1170,beat
GH008,a23,100770,101732,962,beat
GH008,a24,104110,105608,1498,beat
GH008,a25,108224,110053,1829,beat
GH008,a26,110130,111040,910,deictic
GH008,a27,112410,114090,1680,beat
GH008,a28,137001,139856,2855,iconic
GH008,a29,146951,157170,10219,beat
GH008,a30,159510,162526,3016,iconic
GH008,a31,163425,164730,1305,iconic
GH008,a32,165522,176330,10808,beat
GH008,a33,176829,177675,846,beat
GH008,a34,179075,182710,3635,beat
GH008,a35,183935,186427,2492,beat
GH008,a36,210576,212380,1804,deictic
GH008,a37,213158,215536,2378,deictic
GH008,a38,215876,218247,2371,iconic
GH008,a39,218400,218861,461,beat
GH008,a40,220503,223069,2566,beat
GH008,a41,225198,226494,1296,beat
GH008,a42,227433,228920,1487,beat
GH008,a43,237388,238753,1365,iconic
GH008,a44,252050,253174,1124,beat
GH008,a45,257028,258095,1067,beat
GH008,a46,259648,261695,2047,beat
GH008,a47,262458,264904,2446,beat
GH008,a48,269250,270178,928,beat
GH008,a49,271329,272160,831,beat
GH008,a50,273750,275049,1299,iconic
GH008,a51,275226,276013,787,beat
GH008,a52,277022,278609,1587,beat
GH008,a53,278680,280614,1934,beat
GH008,a54,282408,286606,4198,beat
GH008,a55,286679,287500,821,beat
GH008,a56,287515,288280,765,deictic
GH008,a57,290319,291133,814,beat
GH008,a58,293580,294030,450,deictic
GH008,a59,295010,295568,558,beat
GH008,a60,295713,299360,3647,beat
GH008,a61,303905,306370,2465,beat
GH008,a62,307100,308467,1367,deictic
GH008,a63,315729,317062,1333,deictic
GH008,a64,318024,319249,1225,beat
GH008,a65,324463,326312,1849,deictic
GH008,a66,327183,330457,3274,deictic
GH008,a67,330495,335783,5288,deictic
GH008,a68,335878,337137,1259,beat
GH008,a69,341545,344160,2615,beat
GH008,a70,345185,348330,3145,beat
GH008,a71,351887,354835,2948,beat
GH008,a72,356988,357965,977,beat
GH008,a73,358410,359558,1148,beat
GH008,a74,363988,365398,1410,beat
GH008,a75,365787,366869,1082,beat
GH008,a76,369900,370941,1041,beat
GH008,a77,372068,375260,3192,beat
GH008,a78,376757,378542,1785,beat
GH008,a79,378818,381224,2406,deictic
GH008,a80,381504,383852,2348,deictic
GH008,a81,384819,390846,6027,beat
GH008,a82,392062,395791,3729,deictic
GH008,a83,396375,397639,1264,iconic
GH008,a84,397789,398702,913,iconic
GH008,a85,398848,401058,2210,iconic
GH008,a86,401213,402296,1083,beat
GH008,a87,402453,405846,3393,beat
GH008,a88,405920,410161,4241,iconic
GH008,a89,410294,413229,2935,iconic
GH008,a90,414007,415349,1342,beat
GH008,a91,416466,417263,797,beat
GH008,a92,417343,418180,837,beat
GH008,a93,418341,419165,824,beat
GH008,a94,421167,423186,2019,beat
GH008,a95,423186,425723,2537,beat
GH008,a96,427924,431147,3223,beat
GH008,a97,436820,438201,1381,beat
GH008,a98,440911,442300,1389,beat
GH008,a99,445820,447040,1220,beat
GH008,a100,448638,454330,5692,beat
GH008,a101,464962,465671,709,iconic
GH008,a102,465745,467589,1844,beat
GH008,a103,468344,470537,2193,beat
GH008,a104,470574,482018,11444,beat
GH008,a105,482707,483880,1173,beat
GH008,a106,487051,489527,2476,beat
GH008,a107,491452,493540,2088,beat
GH008,a108,494367,496751,2384,beat
GH008,a109,497084,501330,4246,beat
GH008,a110,501690,502780,1090,beat
GH008,a111,503055,504301,1246,beat
GH008,a112,504590,505150,560,beat
GH008,a113,511572,513138,1566,beat
GH008,a114,513869,515450,1581,beat
GH008,a115,516123,519948,3825,beat
GH008,a116,520690,521760,1070,beat
GH008,a117,523874,524780,906,beat
GH008,a118,525921,530190,4269,beat
GH008,a119,531682,534784,3102,iconic
GH008,a120,536194,537773,1579,beat
GH008,a121,537773,544660,6887,beat
GH008,a122,546072,546560,488,beat
GH008,a123,559604,562203,2599,beat
GH008,a124,564266,566564,2298,beat
GH008,a125,567012,572559,5547,iconic
GH008,a126,572670,575275,2605,iconic
GH008,a127,575275,576230,955,beat
GH008,a128,576749,577837,1088,deictic
GH008,a129,580658,581450,792,deictic
GH008,a130,581603,585910,4307,beat
GH008,a131,587106,589930,2824,beat
GH008,a132,591757,595094,3337,beat
GH008,a133,596670,599460,2790,beat
GH009,a1,1308,2253,945,beat
GH009,a2,8715,10324,1609,beat
GH009,a3,10909,12218,1309,beat
GH009,a4,13964,16862,2898,beat
GH009,a5,17368,18427,1059,iconic
GH009,a6,19321,20141,820,beat
GH009,a7,23634,24740,1106,iconic
GH009,a8,28131,34800,6669,beat
GH009,a9,36817,38749,1932,beat
GH009,a10,38810,39480,670,beat
GH009,a11,40571,41530,959,beat
GH009,a12,42710,45740,3030,beat
GH009,a13,46572,47170,598,beat
GH009,a14,48660,49700,1040,beat
GH009,a15,50990,51757,767,beat
GH009,a16,52780,54690,1910,deictic
GH009,a17,55505,58509,3004,beat
GH009,a18,59472,60118,646,deictic
GH009,a19,65746,66628,882,beat
GH009,a20,68799,69878,1079,beat
GH009,a21,71089,71968,879,beat
GH009,a22,72280,73073,793,beat
GH009,a23,81951,86117,4166,deictic
GH009,a24,98784,101600,2816,beat
GH009,a25,104470,106109,1639,beat
GH009,a26,113969,115168,1199,beat
GH009,a27,115428,120371,4943,beat
GH009,a28,122041,123713,1672,beat
GH009,a29,124256,125385,1129,beat
GH009,a30,126217,128465,2248,iconic
GH009,a31,130895,136091,5196,beat
GH009,a32,136554,138098,1544,beat
GH009,a33,138967,164422,25455,beat
GH009,a34,166174,168864,2690,beat
GH009,a35,170575,172916,2341,iconic
GH009,a36,175056,177666,2610,iconic
GH009,a37,177712,180595,2883,beat
GH009,a38,180692,190828,10136,beat
GH009,a39,191978,193220,1242,beat
GH009,a40,193220,194247,1027,iconic
GH009,a41,195824,200713,4889,iconic
GH009,a42,200760,205734,4974,deictic
GH009,a43,205754,208577,2823,deictic
GH009,a44,211130,212835,1705,beat
GH009,a45,213345,213954,609,beat
GH009,a46,213974,222141,8167,iconic
GH009,a47,222169,225848,3679,iconic
GH009,a48,225888,227420,1532,iconic
GH009,a49,227479,229078,1599,beat
GH009,a50,230040,230986,946,beat
GH009,a51,231553,232920,1367,iconic
GH009,a52,233145,234320,1175,beat
GH009,a53,234320,235410,1090,beat
GH009,a54,235437,239132,3695,deictic
GH009,a55,239168,240881,1713,iconic
GH009,a56,241701,243000,1299,beat
GH009,a57,243408,244794,1386,iconic
GH009,a58,245063,245780,717,beat
GH009,a59,249002,250112,1110,beat
GH009,a60,250801,256430,5629,iconic
GH009,a61,258038,265280,7242,beat
GH009,a62,274397,279390,4993,beat
GH009,a63,282113,289488,7375,beat
GH009,a64,291537,292630,1093,beat
GH009,a65,299082,301034,1952,beat
GH009,a66,309964,311990,2026,iconic
GH009,a67,313009,315328,2319,iconic
GH009,a68,315546,320740,5194,beat
GH009,a69,321007,325521,4514,beat
GH009,a70,329191,332941,3750,beat
GH009,a71,333791,337494,3703,beat
GH009,a72,354389,355581,1192,beat
GH009,a73,355994,357780,1786,deictic
GH009,a74,359491,361045,1554,beat
GH009,a75,364296,366004,1708,deictic
GH009,a76,367162,369272,2110,beat
GH009,a77,370133,372971,2838,beat
GH009,a78,378670,380680,2010,beat
GH009,a79,380914,382758,1844,beat
GH009,a80,391607,395835,4228,beat
GH009,a81,397350,400274,2924,beat
GH009,a82,401262,404937,3675,beat
GH009,a83,406427,409450,3023,beat
GH009,a84,409489,413748,4259,deictic
GH009,a85,419478,422150,2672,beat
GH009,a86,422150,423820,1670,beat
GH009,a87,424673,425733,1060,beat
GH009,a88,432403,434116,1713,deictic
GH009,a89,434150,436139,1989,deictic
GH009,a90,436481,437975,1494,beat
GH009,a91,439296,440890,1594,beat
GH009,a92,441668,443597,1929,beat
GH009,a93,444163,446104,1941,beat
GH009,a94,446452,458568,12116,beat
GH009,a95,461858,463028,1170,beat
GH009,a96,464599,466920,2321,beat
GH009,a97,468764,472643,3879,beat
GH009,a98,474023,481920,7897,beat
GH009,a99,481935,487710,5775,deictic
GH009,a100,488863,490857,1994,deictic
GH009,a101,490862,498981,8119,iconic
GH009,a102,498981,499681,700,deictic
GH009,a103,499681,502190,2509,beat
GH009,a104,506830,511100,4270,beat
GH009,a105,513138,514966,1828,beat
GH009,a106,518512,521140,2628,beat
GH009,a107,524948,525844,896,beat
GH009,a108,526263,527503,1240,beat
GH009,a109,528555,529890,1335,beat
GH009,a110,531229,532894,1665,beat
GH009,a111,533157,535410,2253,beat
GH009,a112,536952,538075,1123,beat
GH009,a113,540794,541548,754,beat
GH009,a114,551515,554035,2520,beat
GH009,a115,554095,555584,1489,beat
GH009,a116,557265,570121,12856,beat
GH009,a117,571751,573210,1459,beat
GH009,a118,576653,587460,10807,beat
GH009,a119,588772,589512,740,deictic
GH010,a1,10,800,790,beat
GH010,a2,800,1730,930,deictic
GH010,a3,1730,3020,1290,beat
GH010,a4,3026,8030,5004,beat
GH010,a5,10905,14922,4017,beat
GH010,a6,16369,23673,7304,beat
GH010,a7,24656,32180,7524,beat
GH010,a8,33410,44992,11582,beat
GH010,a9,46140,52111,5971,beat
GH010,a10,54200,55301,1101,beat
GH010,a11,55301,55870,569,beat
GH010,a12,55974,76152,20178,beat
GH010,a13,77823,82617,4794,beat
GH010,a14,82697,84072,1375,iconic
GH010,a15,84191,84520,329,beat
GH010,a16,85537,87319,1782,beat
GH010,a17,95323,107943,12620,beat
GH010,a18,107943,108940,997,beat
GH010,a19,110882,117017,6135,beat
GH010,a20,117030,118500,1470,iconic
GH010,a21,119328,121134,1806,beat
GH010,a22,124880,126500,1620,beat
GH010,a23,128432,131307,2875,beat
GH010,a24,131660,132833,1173,beat
GH010,a25,133880,138743,4863,beat
GH010,a133,142349,143931,1582,beat
GH010,a134,147819,156101,8282,beat
GH010,a26,156445,158182,1737,beat
GH010,a27,158184,159464,1280,beat
GH010,a28,159464,160654,1190,deictic
GH010,a29,160672,161066,394,beat
GH010,a30,161081,161740,659,iconic
GH010,a31,161740,162724,984,beat
GH010,a32,163787,164544,757,iconic
GH010,a33,164566,165245,679,beat
GH010,a34,165889,173824,7935,beat
GH010,a35,174690,175379,689,iconic
GH010,a36,176753,178582,1829,beat
GH010,a37,181600,183384,1784,beat
GH010,a38,183389,184131,742,deictic
GH010,a39,184723,188097,3374,beat
GH010,a40,188318,189072,754,beat
GH010,a41,189789,194540,4751,beat
GH010,a42,195692,197016,1324,beat
GH010,a43,198000,198935,935,deictic
GH010,a44,201226,203205,1979,beat
GH010,a45,203206,205743,2537,beat
GH010,a46,206708,229015,22307,beat
GH010,a47,230560,232692,2132,beat
GH010,a48,235210,239867,4657,deictic
GH010,a49,240223,241113,890,deictic
GH010,a50,241117,243060,1943,deictic
GH010,a135,246500,249522,3022,beat
GH010,a51,251408,255966,4558,beat
GH010,a52,255966,257305,1339,beat
GH010,a53,257305,258350,1045,iconic
GH010,a54,258350,258937,587,iconic
GH010,a55,258957,259720,763,beat
GH010,a56,259730,260910,1180,deictic
GH010,a57,260910,261702,792,iconic
GH010,a58,265816,267203,1387,beat
GH010,a59,268724,269480,756,beat
GH010,a60,269480,270150,670,deictic
GH010,a61,270179,271978,1799,beat
GH010,a62,271978,273485,1507,deictic
GH010,a63,274256,275025,769,beat
GH010,a64,275529,277870,2341,beat
GH010,a65,279113,280890,1777,beat
GH010,a66,281410,282118,708,beat
GH010,a67,282118,282439,321,beat
GH010,a68,282439,283370,931,beat
GH010,a69,284380,288777,4397,beat
GH010,a70,288790,289859,1069,iconic
GH010,a71,289862,292772,2910,beat
GH010,a72,293194,293944,750,iconic
GH010,a73,294784,296163,1379,beat
GH010,a74,297024,297495,471,deictic
GH010,a75,297503,298030,527,deictic
GH010,a76,298043,301210,3167,beat
GH010,a77,301878,302980,1102,beat
GH010,a78,302981,303711,730,beat
GH010,a79,303713,306710,2997,beat
GH010,a80,307669,314203,6534,beat
GH010,a81,314203,314832,629,deictic
GH010,a82,314832,315482,650,beat
GH010,a83,318244,318777,533,iconic
GH010,a84,322239,335888,13649,beat
GH010,a85,337454,345280,7826,deictic
GH010,a86,346130,347062,932,beat
GH010,a87,347062,348011,949,beat
GH010,a88,352340,353539,1199,beat
GH010,a89,355269,359828,4559,beat
GH010,a90,361218,362376,1158,beat
GH010,a91,362376,363166,790,iconic
GH010,a92,363961,365540,1579,iconic
GH010,a93,365540,373670,8130,iconic
GH010,a94,374487,381420,6933,beat
GH010,a95,383113,389950,6837,iconic
GH010,a96,390207,392036,1829,beat
GH010,a97,393914,394620,706,beat
GH010,a98,394620,396059,1439,deictic
GH010,a99,396070,396860,790,beat
GH010,a100,398090,404590,6500,beat
GH010,a101,404590,405679,1089,beat
GH010,a102,405679,405966,287,beat
GH010,a103,407255,409134,1879,beat
GH010,a104,409134,411356,2222,iconic
GH010,a105,411830,413237,1407,iconic
GH010,a106,413341,414375,1034,iconic
GH010,a107,414501,415440,939,iconic
GH010,a108,415440,417550,2110,iconic
GH010,a109,418206,418885,679,beat
GH010,a110,425350,435720,10370,beat
GH010,a136,437685,438602,917,beat
GH010,a111,458986,471760,12774,beat
GH010,a112,478535,485745,7210,beat
GH010,a113,485745,486427,682,deictic
GH010,a114,486427,488295,1868,beat
GH010,a115,488335,489426,1091,iconic
GH010,a116,489426,490545,1119,iconic
GH010,a117,490564,492780,2216,iconic
GH010,a118,492780,494266,1486,deictic
GH010,a119,494277,495197,920,beat
GH010,a120,495197,495976,779,deictic
GH010,a121,495980,496539,559,deictic
GH010,a122,496539,497269,730,iconic
GH010,a123,497296,499770,2474,beat
GH010,a124,499770,500250,480,deictic
GH010,a125,500263,500783,520,iconic
GH010,a126,500802,505085,4283,beat
GH010,a127,505545,506809,1264,beat
GH010,a128,506809,509738,2929,beat
GH010,a129,509738,511070,1332,iconic
GH010,a130,511070,512438,1368,beat
GH010,a131,512438,513484,1046,beat
GH010,a132,513498,515346,1848,iconic
GH011,a1,1520,4620,3100,beat
GH011,a2,11988,14410,2422,beat
GH011,a3,16577,21470,4893,beat
GH011,a4,24720,32680,7960,beat
GH011,a5,35857,36516,659,deictic
GH011,a6,36531,37771,1240,beat
GH011,a7,37771,38441,670,deictic
GH011,a8,38453,41353,2900,iconic
GH011,a9,43087,50066,6979,beat
GH011,a10,50890,55815,4925,beat
GH011,a11,55815,57549,1734,beat
GH011,a12,59085,65273,6188,beat
GH011,a13,66764,78043,11279,beat
GH011,a14,83279,97030,13751,beat
GH011,a15,97108,99480,2372,deictic
GH011,a16,100777,110158,9381,beat
GH011,a17,110158,112169,2011,iconic
GH011,a18,112208,114036,1828,beat
GH011,a19,114036,116586,2550,beat
GH011,a20,117202,120237,3035,deictic
GH011,a21,123630,129917,6287,beat
GH011,a22,130467,138822,8355,beat
GH011,a23,140937,147828,6891,beat
GH011,a24,149336,154193,4857,beat
GH011,a25,161776,164890,3114,beat
GH011,a26,167073,171062,3989,beat
GH011,a27,175435,176705,1270,beat
GH011,a28,178142,182105,3963,beat
GH011,a29,183359,185479,2120,beat
GH011,a30,186506,193924,7418,beat
GH011,a31,194628,198090,3462,beat
GH011,a32,199790,202090,2300,beat
GH011,a33,202896,204871,1975,beat
GH011,a34,207486,220247,12761,beat
GH011,a35,223041,226426,3385,beat
GH011,a36,229469,236329,6860,iconic
GH011,a37,236329,239711,3382,beat
GH011,a38,243216,246504,3288,beat
GH011,a39,246504,250949,4445,deictic
GH011,a40,252581,258153,5572,deictic
GH011,a41,258250,260361,2111,beat
GH011,a42,260361,261551,1190,deictic
GH011,a43,261551,263125,1574,beat
GH011,a44,264010,267530,3520,deictic
GH011,a45,272399,274229,1830,beat
GH011,a46,274229,276181,1952,deictic
GH011,a47,276192,282185,5993,beat
GH011,a48,282185,285431,3246,deictic
GH011,a49,287275,291245,3970,beat
GH011,a50,292041,293968,1927,beat
GH011,a51,295068,303685,8617,beat
GH011,a52,305879,316954,11075,beat
GH011,a53,322611,324330,1719,deictic
GH011,a54,324374,333460,9086,deictic
GH011,a55,333486,338350,4864,deictic
GH011,a56,338812,343864,5052,beat
GH011,a57,344937,348797,3860,beat
GH011,a58,348797,349549,752,deictic
GH011,a59,349549,353006,3457,beat
GH011,a60,353006,358472,5466,deictic
GH011,a61,359280,363186,3906,beat
GH011,a62,363544,364250,706,deictic
GH011,a63,364250,374177,9927,beat
GH011,a64,375755,382828,7073,beat
GH011,a65,384777,389506,4729,beat
GH011,a66,389845,398016,8171,beat
GH011,a67,408098,412601,4503,beat
GH011,a68,416014,423983,7969,beat
GH011,a69,425746,427415,1669,beat
GH011,a70,428473,434365,5892,deictic
GH011,a71,440120,441964,1844,deictic
GH011,a72,442062,445859,3797,beat
GH011,a73,447726,449816,2090,deictic
GH011,a74,453618,459338,5720,beat
GH011,a75,462946,464809,1863,beat
