file,gesture_id,gesture_time_ms,gesture_type,pitch_time_ms,pitch_hz,time_diff_ms
GH001,a1,2980,beat,3264,229.8657271168517,-284
GH001,a2,5335,beat,5444,215.1843468224877,-109
GH001,a3,13549,beat,13644,173.87496513813664,-95
GH001,a4,19701,beat,19454,175.7167110111453,247
GH001,a5,34148,deictic,34194,159.0836327139924,-46
GH001,a6,44104,beat,44114,200.8886100295473,-10
GH001,a7,52205,beat,52244,195.9897994185034,-39
GH001,a8,54754,beat,54604,182.88569279487342,150
GH001,a9,60981,iconic,60954,115.98358230267813,27
GH001,a10,86261,deictic,86254,290.2827604918636,7
GH001,a11,92677,beat,92834,260.51004786489676,-157
GH001,a12,94661,beat,94534,213.25738924016235,127
GH001,a13,120109,beat,120174,289.1963715768818,-65
GH001,a14,124091,deictic,124134,222.27993986004202,-43
GH001,a15,127585,beat,127584,240.2475299708052,1
GH001,a16,135146,beat,135204,219.36079395087674,-58
GH001,a17,145156,beat,145104,159.882012092226,52
GH001,a18,148539,beat,148524,133.52164839025946,15
GH001,a19,152109,beat,152094,291.272289048577,15
GH001,a20,159421,beat,159394,192.57973881081327,27
GH001,a21,169599,beat,169614,209.22647853730078,-15
GH001,a22,172959,beat,173024,153.60704504012662,-65
GH001,a23,176773,beat,176774,217.4597207684009,-1
GH001,a24,179736,beat,179794,191.5862757811486,-58
GH001,a25,189366,beat,189394,193.40497558554125,-28
GH001,a26,196552,beat,196704,210.6233808687196,-152
GH001,a27,201129,beat,200924,150.54142132690367,205
GH001,a28,212555,deictic,212504,195.53936039075128,51
GH001,a29,215359,deictic,215414,199.46925619875273,-55
GH001,a30,227811,beat,227874,171.33791723771807,-63
GH001,a31,240009,deictic,240014,286.0237630227953,-5
GH001,a32,242718,beat,242894,195.16823010255897,-176
GH001,a33,245245,deictic,245314,256.3076744096318,-69
GH001,a34,250268,beat,250864,199.09837207413437,-596
GH001,a35,255014,beat,255004,176.68257383580857,10
GH001,a36,261999,beat,262134,203.80773411380318,-135
GH001,a37,289021,iconic,289064,224.53751044031767,-43
GH001,a38,295200,beat,295214,175.54484648437258,-14
GH001,a39,297509,beat,297574,196.17448519405403,-65
GH001,a40,301323,beat,301294,295.70606715607175,29
GH001,a41,309764,beat,309784,183.09285480026765,-20
GH001,a42,316490,beat,316404,269.4457942447016,86
GH001,a43,320587,iconic,320744,291.8205579686336,-157
GH001,a44,327478,beat,327374,195.31254616094728,104
GH001,a45,330067,deictic,330064,127.25863908990164,3
GH001,a46,331623,deictic,330964,251.07552149791908,659
GH002,a1,2768,beat,2782,217.92109153609903,-14
GH002,a2,9940,beat,10002,185.27646541924946,-62
GH002,a3,13069,beat,12872,235.61857943853823,197
GH002,a4,25388,beat,25402,222.83281409572254,-14
GH002,a5,35485,beat,35552,217.39191917532327,-67
GH002,a6,37973,beat,38052,152.88388683398932,-79
GH002,a7,44391,beat,44322,103.21737265382467,69
GH002,a8,48010,beat,48242,161.3551886205579,-232
GH002,a9,49460,beat,49482,292.6095911560377,-22
GH002,a10,58132,iconic,58572,165.89042761432086,-440
GH002,a11,60938,beat,60862,201.18648543628007,76
GH002,a12,63300,deictic,63362,275.1567210655812,-62
GH002,a13,64179,deictic,64262,249.29814618621023,-83
GH002,a14,67302,beat,67412,277.57023177175836,-110
GH002,a15,69620,beat,69572,273.30398305044247,48
GH002,a16,69940,beat,70092,297.44259577027015,-152
GH002,a17,71716,beat,71812,296.8999038907228,-96
GH002,a18,72656,iconic,72522,183.73176160282202,134
GH002,a19,73460,beat,73492,287.5571914242131,-32
GH002,a20,75865,iconic,75882,128.8047167138446,-17
GH002,a21,79986,beat,80122,180.68794020430488,-136
GH002,a22,86952,beat,87002,147.08948359256703,-50
GH002,a23,90706,beat,90722,256.8430064361123,-16
GH002,a24,92250,beat,92762,204.69655748257702,-512
GH002,a25,97501,beat,97522,164.82832558662844,-21
GH002,a26,101263,beat,101302,196.93624487957732,-39
GH002,a27,104514,beat,104702,223.91562005794344,-188
GH002,a28,108290,beat,108262,216.78260494091478,28
GH002,a29,109102,beat,109172,143.5137624904707,-70
GH002,a30,109927,beat,109962,185.36445554388473,-35
GH002,a31,111953,beat,111882,260.9960798651197,71
GH002,a32,120325,beat,120342,289.6831693506953,-17
GH002,a33,121602,beat,121992,293.9117718330527,-390
GH002,a34,124159,iconic,124142,224.42538187187031,17
GH002,a35,124674,iconic,124672,271.40436069489346,2
GH002,a36,125911,beat,125852,98.14336163745334,59
GH002,a37,129721,beat,129722,187.09756761045946,-1
GH002,a38,130640,beat,130632,243.50430765558036,8
GH002,a39,133552,iconic,133622,172.81527479350075,-70
GH002,a40,137287,iconic,137242,176.36809969965273,45
GH002,a41,138510,iconic,138542,257.92793753121333,-32
GH002,a42,139592,iconic,139812,274.0274387912252,-220
GH002,a43,141270,beat,141292,184.0146263990666,-22
GH002,a44,145788,deictic,145742,197.97477290914492,46
GH003,a1,369,beat,372,173.77629798198103,-3
GH003,a2,6173,beat,6182,118.04872165615883,-9
GH003,a3,14280,deictic,14522,229.32360580702434,-242
GH003,a4,17869,iconic,17772,270.59034628320853,97
GH003,a5,19348,iconic,19572,230.74262500885132,-224
GH003,a6,26950,beat,27042,210.031224619144,-92
GH003,a7,43314,beat,43342,297.9053867324926,-28
GH003,a8,48875,beat,49452,206.94827357018426,-577
GH003,a9,52653,beat,52552,174.85138111057728,101
GH003,a10,55354,iconic,55312,247.18183194081448,42
GH003,a11,60643,iconic,60562,294.2091395032279,81
GH003,a12,64838,iconic,64662,150.64982165314694,176
GH003,a13,66728,beat,66742,150.04388961653,-14
GH003,a14,73400,beat,73412,295.7235329406981,-12
GH003,a15,77856,iconic,77882,187.0626341778448,-26
GH003,a16,82828,beat,82902,297.4187760842739,-74
GH003,a17,84334,beat,84372,83.29682876527572,-38
GH003,a18,87890,iconic,88042,233.5315869810704,-152
GH003,a19,91755,beat,91722,244.69893908531654,33
GH003,a20,100319,iconic,100112,167.50049533923152,207
GH003,a21,104254,beat,103852,269.74765733016545,402
GH003,a22,113096,beat,112952,247.76342591365471,144
GH003,a23,117340,beat,117612,224.21215670286816,-272
GH003,a24,130283,beat,130262,294.19633499552475,21
GH003,a25,143376,beat,143242,253.93715388154178,134
GH003,a26,150166,beat,150112,147.36975921232425,54
GH003,a27,159465,deictic,159122,113.45310141520913,343
GH003,a28,166943,iconic,166922,136.92585810810004,21
GH003,a29,171428,deictic,171432,162.08641616433735,-4
GH003,a30,179662,beat,179442,146.91744287827726,220
GH003,a31,197320,beat,197742,220.20889322600306,-422
GH003,a32,200679,beat,200892,293.0825384982371,-213
GH003,a33,206042,deictic,206052,228.28225427174883,-10
GH003,a34,212877,iconic,212882,95.47419855897076,-5
GH003,a35,217861,beat,217952,285.81632283431435,-91
GH003,a36,227013,deictic,227162,291.7775400939799,-149
GH003,a37,232470,beat,232252,264.112603706728,218
GH003,a38,237551,beat,237442,103.12769547254445,109
GH003,a39,241282,deictic,241412,274.90677953112714,-130
GH003,a40,245469,beat,245442,182.36596814422927,27
GH003,a41,252958,iconic,252372,149.96917218665615,586
GH003,a42,255239,beat,254982,116.15749249393073,257
GH003,a43,260167,beat,260292,279.16432412092826,-125
GH003,a44,263247,iconic,263362,286.5317296396653,-115
GH003,a45,268378,beat,268382,129.26666335095436,-4
GH003,a46,271938,beat,271882,232.37717032862133,56
GH003,a47,279770,beat,279772,221.55742228352955,-2
GH003,a48,286397,iconic,286442,174.65519009190766,-45
GH003,a49,290032,beat,289992,103.50665039868962,40
GH003,a50,293485,iconic,293442,290.4645856100354,43
GH003,a51,301936,beat,302032,197.43771633545515,-96
GH003,a52,310255,beat,310232,292.9572164404414,23
GH003,a53,311365,beat,311802,298.8957044742692,-437
GH003,a54,314614,iconic,314682,191.4643236094929,-68
GH003,a55,326160,beat,326572,247.8800543786861,-412
GH003,a56,331095,iconic,330952,138.06778953687385,143
GH003,a57,342840,beat,342782,270.10025550998984,58
GH003,a58,346201,beat,346182,276.64786907818757,19
GH003,a59,352762,beat,352742,188.16549241687355,20
GH003,a60,354837,beat,355352,297.5760150765342,-515
GH003,a61,357744,beat,358002,284.28913863735795,-258
GH003,a62,361769,beat,361822,221.87664691185014,-53
GH003,a63,365080,iconic,365012,255.00225164862886,68
GH003,a64,366473,beat,366452,102.94138250057571,21
GH003,a65,379343,iconic,379412,227.2997837950345,-69
GH003,a66,383807,beat,383822,174.18720137565265,-15
GH003,a67,393757,beat,393752,196.40522149968356,5
GH003,a68,398010,beat,398042,167.62303516003354,-32
GH003,a69,400899,beat,400822,231.93196506697717,77
GH003,a70,407010,deictic,407022,176.60024672633799,-12
GH004,a1,1423,beat,1600,194.51397312306594,-177
GH004,a2,3139,beat,3290,177.322191363073,-151
GH004,a3,11432,deictic,11440,223.92552664194125,-8
GH004,a4,15900,deictic,15920,215.08527296815114,-20
GH004,a5,20546,beat,20550,227.55927947651415,-4
GH004,a6,22663,deictic,22630,257.15672405236614,33
GH004,a7,28588,beat,28930,232.23908837774508,-342
GH004,a8,30877,beat,30860,232.47398687078336,17
GH004,a9,34736,beat,34830,289.62866340948796,-94
GH004,a10,37748,beat,37820,259.0465425047945,-72
GH004,a11,41961,deictic,42120,281.4007166028637,-159
GH004,a12,44597,beat,44670,199.46699873396787,-73
GH004,a13,47090,iconic,47070,166.20765603764502,20
GH004,a14,49308,beat,49340,296.5135962599938,-32
GH004,a15,55668,deictic,55670,297.1690972054471,-2
GH004,a16,56890,deictic,57070,273.65754011072465,-180
GH004,a17,58129,beat,58170,178.67945902340654,-41
GH004,a18,59640,deictic,59650,214.3658662130023,-10
GH004,a19,61232,beat,61310,247.98398372300906,-78
GH004,a20,64037,beat,63960,209.07015021055324,77
GH004,a21,70555,iconic,70500,179.74932645379644,55
GH004,a22,71729,beat,71750,229.3497100202853,-21
GH004,a23,76044,deictic,76200,296.5885186498008,-156
GH004,a24,78321,deictic,78550,203.9337499237208,-229
GH004,a25,81773,beat,81840,281.84083709816804,-67
GH004,a26,87861,iconic,87870,251.15022213821217,-9
GH004,a27,89767,iconic,89780,277.2926574678109,-13
GH004,a28,91893,beat,91970,211.16075076276562,-77
GH004,a29,94090,iconic,94090,187.7263439579477,0
GH004,a30,97815,deictic,98010,249.67396635568764,-195
GH004,a31,101243,deictic,101230,241.20257082022476,13
GH004,a32,102342,deictic,102350,269.2058253135007,-8
GH004,a33,108444,beat,108360,232.0511866612273,84
GH004,a34,112680,beat,113220,168.2928370689923,-540
GH004,a35,114240,iconic,114060,202.40917335021717,180
GH004,a36,116068,beat,116080,175.14265048818152,-12
GH004,a37,135773,beat,135770,199.81202489752624,3
GH004,a38,138383,beat,138340,292.21629551214966,43
GH004,a39,141017,beat,140970,164.63124459614096,47
GH004,a40,142205,deictic,142160,206.37145872549232,45
GH004,a41,144388,iconic,144380,237.66113697558552,8
GH004,a42,145857,iconic,145790,133.45815053659217,67
GH004,a43,148069,iconic,148060,240.27020184801825,9
GH004,a44,149836,beat,149720,255.6832674670922,116
GH004,a45,152185,beat,152100,153.69221920208744,85
GH004,a46,154745,beat,154870,192.39239883142068,-125
GH004,a47,158112,deictic,158210,292.6063772843564,-98
GH004,a48,161780,beat,161770,272.552407439664,10
GH004,a49,163664,iconic,163650,147.35928916412436,14
GH004,a50,165280,beat,165260,180.12457584458795,20
GH004,a51,171635,iconic,171590,216.08046129928903,45
GH004,a52,172653,beat,172550,193.62386359032314,103
GH004,a53,177104,deictic,177090,138.32276055645272,14
GH004,a54,181281,beat,181760,210.62984240284223,-479
GH004,a55,188717,iconic,188730,247.78992999531667,-13
GH004,a56,192875,beat,192920,196.00455000999466,-45
GH004,a57,195308,deictic,195150,277.0589618687121,158
GH004,a69,198650,beat,198660,136.86119873898397,-10
GH004,a70,205051,beat,205100,225.3456299406611,-49
GH004,a60,215576,iconic,215590,204.3529270741536,-14
GH004,a61,217290,iconic,217270,174.2629870924782,20
GH004,a62,218886,beat,218990,298.30197335967887,-104
GH004,a63,221780,iconic,221880,204.90581365799736,-100
GH004,a64,223508,iconic,223530,223.96245028426299,-22
GH004,a65,226418,beat,226420,226.63641638060378,-2
GH004,a66,236255,beat,236240,225.96608929920833,15
GH004,a67,239530,beat,239500,189.11443570778775,30
GH004,a68,241453,iconic,241450,175.5994118266207,3
GH005,a1,1476,beat,1494,286.41677833987023,-18
GH005,a2,3029,beat,2854,131.97977130749783,175
GH005,a3,10632,beat,10644,291.84388466300425,-12
GH005,a4,12200,beat,12244,178.5856201904023,-44
GH005,a5,14986,deictic,15064,189.8864248553469,-78
GH005,a6,16537,iconic,16564,186.7793201405391,-27
GH005,a7,17870,beat,17844,285.5969645367834,26
GH005,a8,21179,beat,21154,235.1624545576141,25
GH005,a9,24525,deictic,24694,226.825987242685,-169
GH005,a10,25443,beat,25424,237.92338516942598,19
GH005,a11,28901,beat,28864,294.41560242347316,37
GH005,a12,30528,iconic,30294,176.0722513817791,234
GH005,a13,32377,beat,32354,204.22480016477428,23
GH005,a14,34108,beat,34134,211.82620658589875,-26
GH005,a15,42152,iconic,41874,139.40416685996306,278
GH005,a16,44947,beat,44714,141.43055468587488,233
GH005,a17,51209,beat,51354,291.07764196718597,-145
GH005,a18,52393,iconic,52384,187.50079805900992,9
GH005,a19,61029,iconic,61154,234.261145362373,-125
GH005,a20,68980,beat,68944,212.4262358543372,36
GH005,a21,70028,iconic,70034,163.66055374393508,-6
GH005,a22,74015,beat,74014,290.001446293597,1
GH005,a23,77491,beat,77524,160.95500917797102,-33
GH005,a24,80175,beat,80274,252.02427910674228,-99
GH005,a25,102005,iconic,102244,284.6085466156744,-239
GH005,a26,105839,beat,105854,181.36540292917385,-15
GH005,a27,109254,beat,109204,154.65201006784244,50
GH005,a28,112013,beat,111954,137.59259400630697,59
GH005,a29,115377,iconic,115404,197.0750477866898,-27
GH005,a30,119034,beat,118914,195.79210131446322,120
GH005,a31,121910,beat,121854,193.89495714174103,56
GH006,a1,1105,beat,1064,230.00388388237508,41
GH006,a2,8558,beat,8644,169.90182609447137,-86
GH006,a3,13494,beat,13684,210.00122682809308,-190
GH006,a4,18505,beat,18154,211.08997750317528,351
GH006,a5,36032,beat,35994,290.89469159818043,38
GH006,a6,39998,beat,40194,231.64100087250222,-196
GH006,a7,45001,beat,45014,229.22374221424562,-13
GH006,a8,49795,iconic,49714,246.29676248524194,81
GH006,a9,50696,beat,50664,217.59304921750484,32
GH006,a10,55490,beat,55554,197.21925671491726,-64
GH006,a11,60731,iconic,60494,136.57602048766785,237
GH006,a12,62674,beat,62814,216.82385314021832,-140
GH006,a13,68437,iconic,68524,160.47774405660294,-87
GH006,a14,71566,beat,71614,270.90168411986076,-48
GH006,a15,76031,iconic,76014,155.89469817664374,17
GH006,a16,87029,beat,86944,204.7677396505109,85
GH006,a17,94554,iconic,94544,166.43212297278,10
GH006,a18,96370,iconic,96384,227.73744341107783,-14
GH006,a19,100861,beat,100614,204.5903084056114,247
GH006,a20,104452,beat,104714,235.83965681666388,-262
GH006,a21,106562,beat,106544,202.1484527998638,18
GH006,a22,113454,iconic,113274,245.45763286199974,180
GH006,a23,115530,beat,115534,230.20813596746424,-4
GH006,a24,122280,deictic,122294,127.5674041867246,-14
GH006,a25,136522,beat,136304,171.89985015711605,218
GH006,a26,138781,iconic,138814,236.85878464863404,-33
GH006,a27,141815,iconic,141844,297.58914902170676,-29
GH006,a28,148560,beat,148574,128.70044910932103,-14
GH006,a29,153901,beat,154154,227.57006350969334,-253
GH006,a30,160950,deictic,160964,273.1070017958193,-14
GH006,a31,167827,beat,167854,172.72493495145173,-27
GH006,a32,171109,beat,171104,238.53869232965607,5
GH006,a33,173580,iconic,173284,190.7080095806549,296
GH007,a1,2496,iconic,2511,173.4596350058147,-15
GH007,a2,5390,beat,5381,164.00889179489684,9
GH007,a3,7485,beat,7501,221.2424960940709,-16
GH007,a4,9070,beat,9061,199.11978027391228,9
GH007,a5,10893,beat,10791,275.1834418906194,102
GH007,a6,13182,beat,13311,196.5297841731096,-129
GH007,a7,14290,beat,14231,213.37260328420962,59
GH007,a8,15396,beat,15391,200.0372675028635,5
GH007,a9,21044,beat,21171,234.3485673408343,-127
GH007,a10,22860,beat,22861,216.42456754522007,-1
GH007,a11,24738,beat,24721,226.17681563131313,17
GH007,a12,36916,beat,36971,206.43639458094023,-55
GH007,a13,38830,beat,38861,258.25325173439535,-31
GH007,a14,41971,beat,42011,218.93075620777046,-40
GH007,a15,45143,iconic,45081,185.9030868708152,62
GH007,a16,49884,iconic,49931,298.8788908775445,-47
GH007,a17,56477,iconic,56501,224.77361029255886,-24
GH007,a18,59569,beat,59511,222.94006554739346,58
GH007,a19,62117,beat,62171,193.34302871204434,-54
GH007,a20,65856,iconic,65911,188.74987515063512,-55
GH007,a21,67038,beat,67061,186.77612320411197,-23
GH007,a22,72871,iconic,72891,199.7769828388388,-20
GH007,a23,76860,beat,76811,101.46206684567053,49
GH007,a24,78309,beat,78351,183.64916175656694,-42
GH007,a25,79132,deictic,79111,174.24590886024964,21
GH007,a26,81490,beat,81481,229.7350534097057,9
GH007,a27,84324,deictic,84341,178.68076423520802,-17
GH007,a28,92090,iconic,92091,297.9156767478922,-1
GH007,a29,94120,beat,94061,196.34864430027483,59
GH007,a30,97596,iconic,97371,171.24511076786507,225
GH007,a31,100730,deictic,100901,299.9287094739456,-171
GH007,a32,122039,beat,121981,144.7254159697778,58
GH007,a33,124275,iconic,124511,205.91296872805944,-236
GH007,a34,125990,deictic,126041,189.74165190679543,-51
GH007,a35,127977,beat,128101,200.45640803116348,-124
GH007,a36,130016,beat,129961,169.8874529507381,55
GH007,a37,133644,beat,133561,213.71254883848485,83
GH007,a38,135728,beat,135951,252.64592061410244,-223
GH007,a39,137850,iconic,137731,151.38847537264783,119
GH007,a40,141000,beat,141001,193.5477419698384,-1
GH007,a41,150955,iconic,150771,224.22600817825892,184
GH007,a42,151775,beat,151831,205.44214298294298,-56
GH007,a43,155039,iconic,154971,261.3405530670006,68
GH007,a44,156257,iconic,156301,286.3506446856284,-44
GH007,a45,157792,beat,157831,175.76820508787546,-39
GH007,a46,164166,deictic,164191,220.19220457656672,-25
GH007,a47,166510,iconic,166591,184.61174624779454,-81
GH007,a48,170683,iconic,170691,287.0427189173572,-8
GH007,a49,172020,iconic,172301,265.05964261985633,-281
GH007,a50,175920,beat,175861,165.63156498875136,59
GH007,a51,176625,beat,176591,167.93980005214243,34
GH007,a52,180585,iconic,180541,128.41288775211336,44
GH007,a53,183370,beat,182981,140.55311250593613,389
GH007,a54,185397,beat,185381,299.7816936206267,16
GH007,a55,186844,iconic,186831,170.19584605846862,13
GH007,a56,188423,iconic,188361,242.7065239416344,62
GH007,a57,190553,iconic,190561,238.15184451160687,-8
GH007,a58,191907,iconic,191901,233.2190979338898,6
GH007,a59,193349,beat,193681,194.5771718317569,-332
GH007,a60,197170,iconic,197171,187.96843352808244,-1
GH007,a61,198020,beat,198031,191.48085580913553,-11
GH007,a62,199435,beat,199511,187.00289888535556,-76
GH007,a63,202910,beat,203101,263.2986573282483,-191
GH007,a64,207108,beat,207111,289.0318543247695,-3
GH007,a65,212913,beat,212901,291.1731969866372,12
GH007,a66,216547,beat,216851,168.24242802884734,-304
GH007,a67,219240,beat,219251,195.06734497387083,-11
GH007,a68,224515,beat,224231,141.31639016480275,284
GH007,a69,230686,beat,230671,198.1657291466502,15
GH007,a70,235004,beat,234951,198.27861845045646,53
GH007,a71,236522,beat,236521,196.40718539746342,1
GH007,a72,237759,iconic,237881,185.31711496489987,-122
GH007,a73,240195,iconic,240011,156.91305771874667,184
GH007,a74,243458,beat,243541,199.85915476358701,-83
GH007,a75,246975,beat,247201,174.92362754328093,-226
GH007,a76,263400,deictic,263431,297.51205191643504,-31
GH007,a77,265465,beat,265491,249.02393727963812,-26
GH007,a78,271140,beat,271241,243.3345740554428,-101
GH007,a79,272833,beat,272931,231.33647586521042,-98
GH007,a80,275200,beat,275191,292.25726788480955,9
GH007,a81,279525,beat,279781,166.74642687357596,-256
GH007,a82,283249,deictic,283281,190.0022441137928,-32
GH008,a1,1810,iconic,2042,209.751164666787,-232
GH008,a2,7036,beat,7132,227.69482023672555,-96
GH008,a3,10678,beat,10652,151.10403829515838,26
GH008,a4,14878,beat,15062,149.94186566587024,-184
GH008,a5,18779,beat,18532,165.77858182627924,247
GH008,a6,26319,beat,27392,177.38287112453648,-1073
GH008,a7,35239,beat,35702,183.76124817916448,-463
GH008,a8,41941,beat,41972,146.7995235899965,-31
GH008,a9,45909,beat,45922,293.3273780959164,-13
GH008,a10,50483,beat,50442,179.37700265346996,41
GH008,a11,54550,beat,54612,149.29032149360873,-62
GH008,a12,57720,beat,57722,172.6363169896047,-2
GH008,a13,58682,beat,58832,219.04609991599412,-150
GH008,a14,61810,beat,61822,170.24983598861988,-12
GH008,a15,65119,beat,65082,146.5979354022871,37
GH008,a16,70665,beat,70692,227.00940406671506,-27
GH008,a17,77375,iconic,77342,176.69497868162787,33
GH008,a18,85516,beat,85512,209.41878173127125,4
GH008,a19,88594,beat,88592,280.4210452019358,2
GH008,a20,91107,beat,91112,215.05572154865285,-5
GH008,a21,92929,beat,92932,289.6524877637665,-3
GH008,a22,96884,beat,96832,210.5474150455728,52
GH008,a23,100770,beat,100612,202.27844146199445,158
GH008,a24,104110,beat,104222,246.76925825263044,-112
GH008,a25,108224,beat,108232,220.6263237434073,-8
GH008,a26,110130,deictic,110112,162.41529991314465,18
GH008,a27,112410,beat,112512,181.2525547474115,-102
GH008,a28,137001,iconic,137042,223.48925861948018,-41
GH008,a29,146951,beat,146942,173.61926845280544,9
GH008,a30,159510,iconic,159482,254.43628807274055,28
GH008,a31,163425,iconic,163492,298.8282429382895,-67
GH008,a32,165522,beat,165522,250.48284618934778,0
GH008,a33,176829,beat,176902,242.96957012817148,-73
GH008,a34,179075,beat,179102,248.25583524671902,-27
GH008,a35,183935,beat,184282,190.85579725036354,-347
GH008,a36,210576,deictic,210532,297.35011168668103,44
GH008,a37,213158,deictic,213202,204.20039935431586,-44
GH008,a38,215876,iconic,215842,280.5405351184048,34
GH008,a39,218400,beat,218582,241.60833652297725,-182
GH008,a40,220503,beat,220842,271.55789250679663,-339
GH008,a41,225198,beat,225202,242.04424657436715,-4
GH008,a42,227433,beat,227412,205.5902803388713,21
GH008,a43,237388,iconic,237322,193.44820278432985,66
GH008,a44,252050,beat,252042,164.64994848847124,8
GH008,a45,257028,beat,257132,162.9963749249816,-104
GH008,a46,259648,beat,259712,135.5919372306263,-64
GH008,a47,262458,beat,262452,171.70599143913432,6
GH008,a48,269250,beat,269382,295.75509621548173,-132
GH008,a49,271329,beat,271172,181.1325008510925,157
GH008,a50,273750,iconic,273712,233.66267441928593,38
GH008,a51,275226,beat,275232,192.30994068532416,-6
GH008,a52,277022,beat,277562,242.1945176492076,-540
GH008,a53,278680,beat,278702,179.7316681931393,-22
GH008,a54,282408,beat,282422,266.50463114056754,-14
GH008,a55,286679,beat,286922,212.94704076366074,-243
GH008,a56,287515,deictic,287562,218.08479059483284,-47
GH008,a57,290319,beat,290342,231.35567472625763,-23
GH008,a58,293580,deictic,293572,155.45737355808333,8
GH008,a59,295010,beat,295022,239.61509895309848,-12
GH008,a60,295713,beat,295802,180.2749343956788,-89
GH008,a61,303905,beat,303802,121.74793565504,103
GH008,a62,307100,deictic,306792,165.73987478387318,308
GH008,a63,315729,deictic,315792,220.88951178905137,-63
GH008,a64,318024,beat,318022,132.40449283209512,2
GH008,a65,324463,deictic,324432,297.22757289703094,31
GH008,a66,327183,deictic,327172,287.38476195324506,11
GH008,a67,330495,deictic,330442,180.76189717864554,53
GH008,a68,335878,beat,335982,291.65263485319684,-104
GH008,a69,341545,beat,341702,298.5234225258927,-157
GH008,a70,345185,beat,345152,216.1783409981081,33
GH008,a71,351887,beat,351872,257.3776427622921,15
GH008,a72,356988,beat,356942,228.45944072121065,46
GH008,a73,358410,beat,358592,186.8750849122529,-182
GH008,a74,363988,beat,364482,206.5490091385594,-494
GH008,a75,365787,beat,365682,243.79654642716775,105
GH008,a76,369900,beat,369932,222.5036705700807,-32
GH008,a77,372068,beat,372112,169.7504496787862,-44
GH008,a78,376757,beat,377122,179.8640021110425,-365
GH008,a79,378818,deictic,379032,297.52920301837537,-214
GH008,a80,381504,deictic,381622,173.75096172767044,-118
GH008,a81,384819,beat,384712,257.2903867433627,107
GH008,a82,392062,deictic,392082,204.163544656009,-20
GH008,a83,396375,iconic,396362,172.37850606355534,13
GH008,a84,397789,iconic,397772,168.97047644355794,17
GH008,a85,398848,iconic,398852,185.776884849159,-4
GH008,a86,401213,beat,401252,214.9972402685697,-39
GH008,a87,402453,beat,402552,281.3384500487168,-99
GH008,a88,405920,iconic,405972,194.56668363437834,-52
GH008,a89,410294,iconic,410272,221.94883987562434,22
GH008,a90,414007,beat,413962,200.2623729788674,45
GH008,a91,416466,beat,416442,274.00016024152904,24
GH008,a92,417343,beat,417472,217.40640902693093,-129
GH008,a93,418341,beat,418382,228.6241670798237,-41
GH008,a94,421167,beat,421592,242.06360948014517,-425
GH008,a95,423186,beat,423352,167.2149354319026,-166
GH008,a96,427924,beat,427912,296.88201091124455,12
GH008,a97,436820,beat,436802,251.9317520252066,18
GH008,a98,440911,beat,441002,232.28180231855927,-91
GH008,a99,445820,beat,445802,194.76881731520592,18
GH008,a100,448638,beat,448622,288.602322147707,16
GH008,a101,464962,iconic,465002,188.84972527201234,-40
GH008,a102,465745,beat,465822,236.69897599747094,-77
GH008,a103,468344,beat,468452,250.2293949848646,-108
GH008,a104,470574,beat,470572,210.30947111395804,2
GH008,a105,482707,beat,482882,292.44007242357634,-175
GH008,a106,487051,beat,487072,163.08318417813402,-21
GH008,a107,491452,beat,491452,224.66106266074624,0
GH008,a108,494367,beat,494382,268.9437749087416,-15
GH008,a109,497084,beat,497232,195.37791830468495,-148
GH008,a110,501690,beat,501872,289.0346516720978,-182
GH008,a111,503055,beat,502962,91.87801801221597,93
GH008,a112,504590,beat,504652,195.09971603798655,-62
GH008,a113,511572,beat,511482,297.2977173730541,90
GH008,a114,513869,beat,513882,236.72220520651268,-13
GH008,a115,516123,beat,516122,187.1252830032024,1
GH008,a116,520690,beat,520712,271.476021717383,-22
GH008,a117,523874,beat,523902,198.45562214324673,-28
GH008,a118,525921,beat,525902,217.69937636327188,19
GH008,a119,531682,iconic,531642,224.61024443216002,40
GH008,a120,536194,beat,536202,237.21217944415895,-8
GH008,a121,537773,beat,537772,162.59647836178857,1
GH008,a122,546072,beat,546182,299.54233680989387,-110
GH008,a123,559604,beat,559872,280.2078917246064,-268
GH008,a124,564266,beat,564262,281.5105181276422,4
GH008,a125,567012,iconic,567342,298.83094269572734,-330
GH008,a126,572670,iconic,572852,299.70494715819353,-182
GH008,a127,575275,beat,575272,183.67657392564118,3
GH008,a128,576749,deictic,576762,204.4768324318554,-13
GH008,a129,580658,deictic,580562,154.60579662150406,96
GH008,a130,581603,beat,581452,244.33916437999622,151
GH008,a131,587106,beat,587102,193.96742951461067,4
GH008,a132,591757,beat,591732,269.3778904133551,25
GH008,a133,596670,beat,596652,197.95866409076345,18
GH009,a1,1308,beat,1282,187.46757963363447,26
GH009,a2,8715,beat,8702,180.32116950821765,13
GH009,a3,10909,beat,10902,194.4363226523027,7
GH009,a4,13964,beat,14282,218.466014305791,-318
GH009,a5,17368,iconic,17532,249.67825245853268,-164
GH009,a6,19321,beat,19342,241.2853557297487,-21
GH009,a7,23634,iconic,23602,269.9781051166518,32
GH009,a8,28131,beat,28192,163.67882785168192,-61
GH009,a9,36817,beat,37152,297.3752840742737,-335
GH009,a10,38810,beat,38502,157.748826066295,308
GH009,a11,40571,beat,40892,243.96161427044365,-321
GH009,a12,42710,beat,42732,181.02159743704905,-22
GH009,a13,46572,beat,46392,262.7462053132543,180
GH009,a14,48660,beat,48932,268.43095103796543,-272
GH009,a15,50990,beat,51012,242.07767797781335,-22
GH009,a16,52780,deictic,53002,297.22502136416523,-222
GH009,a17,55505,beat,55462,177.67069058963625,43
GH009,a18,59472,deictic,59512,276.7094914280923,-40
GH009,a19,65746,beat,65582,253.84830099615598,164
GH009,a20,68799,beat,68492,226.6444281779075,307
GH009,a21,71089,beat,71142,250.72063531306844,-53
GH009,a22,72280,beat,72372,232.1558961113646,-92
GH009,a23,81951,deictic,81902,192.60986948681872,49
GH009,a24,98784,beat,98762,287.8144826651251,22
GH009,a25,104470,beat,104892,253.1618098824867,-422
GH009,a26,113969,beat,114142,220.75060505253455,-173
GH009,a27,115428,beat,115502,176.2378511527815,-74
GH009,a28,122041,beat,122012,161.75832128193835,29
GH009,a29,124256,beat,124062,228.43379624727896,194
GH009,a30,126217,iconic,126532,174.86072935516776,-315
GH009,a31,130895,beat,130922,213.17316521099883,-27
GH009,a32,136554,beat,136802,297.69759389744286,-248
GH009,a33,138967,beat,138992,210.02910328109925,-25
GH009,a34,166174,beat,166432,157.33295969147414,-258
GH009,a35,170575,iconic,170642,270.1385773656031,-67
GH009,a36,175056,iconic,175052,299.69329118740194,4
GH009,a37,177712,beat,176862,167.8988258700002,850
GH009,a38,180692,beat,181322,220.22587030096727,-630
GH009,a39,191978,beat,191942,281.72146865973883,36
GH009,a40,193220,iconic,193282,237.71526108802328,-62
GH009,a41,195824,iconic,195962,297.5374438594329,-138
GH009,a42,200760,deictic,200732,238.56216513446898,28
GH009,a43,205754,deictic,205592,197.54161642575752,162
GH009,a44,211130,beat,211132,227.19844046674416,-2
GH009,a45,213345,beat,213392,256.4758264151317,-47
GH009,a46,213974,iconic,214032,223.7508781293659,-58
GH009,a47,222169,iconic,222192,214.8084434767789,-23
GH009,a48,225888,iconic,225682,159.93805287746287,206
GH009,a49,227479,beat,227402,270.2631207902399,77
GH009,a50,230040,beat,230042,293.27811889331656,-2
GH009,a51,231553,iconic,231602,264.86759979751184,-49
GH009,a52,233145,beat,233282,165.88884240108365,-137
GH009,a53,234320,beat,234332,237.1064900684721,-12
GH009,a54,235437,deictic,235462,169.82798300736619,-25
GH009,a55,239168,iconic,239152,143.50089234420096,16
GH009,a56,241701,beat,241722,189.50714911114878,-21
GH009,a57,243408,iconic,243492,172.77518858049112,-84
GH009,a58,245063,beat,245322,201.1076103381247,-259
GH009,a59,249002,beat,249012,288.90010381120493,-10
GH009,a60,250801,iconic,250802,187.50397573413485,-1
GH009,a61,258038,beat,257992,291.3482532260877,46
GH009,a62,274397,beat,274412,245.44576056290583,-15
GH009,a63,282113,beat,282132,190.708645538824,-19
GH009,a64,291537,beat,291522,200.95523124243806,15
GH009,a65,299082,beat,299012,194.69838352414473,70
GH009,a66,309964,iconic,309942,194.61568899092973,22
GH009,a67,313009,iconic,313112,194.67093638050522,-103
GH009,a68,315546,beat,315512,211.03654467824734,34
GH009,a69,321007,beat,321182,244.45890744635395,-175
GH009,a70,329191,beat,329262,244.8782661703323,-71
GH009,a71,333791,beat,333762,170.51104636012863,29
GH009,a72,354389,beat,354392,222.23349316165113,-3
GH009,a73,355994,deictic,356342,254.23154322412967,-348
GH009,a74,359491,beat,359552,188.6220487202797,-61
GH009,a75,364296,deictic,364392,189.52925534006263,-96
GH009,a76,367162,beat,367152,242.30631183589085,10
GH009,a77,370133,beat,370212,220.3285561327951,-79
GH009,a78,378670,beat,378752,290.69545844127845,-82
GH009,a79,380914,beat,380952,175.77221140311084,-38
GH009,a80,391607,beat,391832,252.16650135443862,-225
GH009,a81,397350,beat,397392,168.0998945484163,-42
GH009,a82,401262,beat,401312,296.5251789256106,-50
GH009,a83,406427,beat,406412,161.33061295461496,15
GH009,a84,409489,deictic,409632,195.38283972867706,-143
GH009,a85,419478,beat,419562,213.86210861952193,-84
GH009,a86,422150,beat,422242,200.99692326021517,-92
GH009,a87,424673,beat,424692,228.0825567241602,-19
GH009,a88,432403,deictic,432432,213.88641307039862,-29
GH009,a89,434150,deictic,433982,149.8510162400175,168
GH009,a90,436481,beat,436672,239.02406493997756,-191
GH009,a91,439296,beat,439572,272.80155242295615,-276
GH009,a92,441668,beat,441732,168.6749051166496,-64
GH009,a93,444163,beat,444152,181.42785455096015,11
GH009,a94,446452,beat,446722,180.44013950610474,-270
GH009,a95,461858,beat,461972,182.57433369806702,-114
GH009,a96,464599,beat,464522,176.4405947409926,77
GH009,a97,468764,beat,468812,239.22347942587353,-48
GH009,a98,474023,beat,474042,216.9158816811083,-19
GH009,a99,481935,deictic,481922,229.49859423724416,13
GH009,a100,488863,deictic,488752,294.92468461185615,111
GH009,a101,490862,iconic,490852,170.53027804526465,10
GH009,a102,498981,deictic,499002,298.98966881812805,-21
GH009,a103,499681,beat,499672,226.6667219426181,9
GH009,a104,506830,beat,506872,271.16213060744644,-42
GH009,a105,513138,beat,513552,176.78661994632355,-414
GH009,a106,518512,beat,518512,258.678551477099,0
GH009,a107,524948,beat,525322,252.87444616712182,-374
GH009,a108,526263,beat,526352,244.56371669245294,-89
GH009,a109,528555,beat,528542,172.07221431610114,13
GH009,a110,531229,beat,531302,221.10926491116484,-73
GH009,a111,533157,beat,533142,265.6638165867419,15
GH009,a112,536952,beat,537292,193.9869617211379,-340
GH009,a113,540794,beat,540882,125.50664885746721,-88
GH009,a114,551515,beat,551512,246.08056357629854,3
GH009,a115,554095,beat,554072,168.92159314262685,23
GH009,a116,557265,beat,557252,249.8143711637068,13
GH009,a117,571751,beat,571762,292.4793962094881,-11
GH009,a118,576653,beat,576612,242.9747245727966,41
GH009,a119,588772,deictic,588952,256.48136962306944,-180
GH010,a1,10,beat,42,179.10924316353962,-32
GH010,a2,800,deictic,772,170.65127795874528,28
GH010,a3,1730,beat,1722,110.89768651140952,8
GH010,a4,3026,beat,2762,162.87678809494392,264
GH010,a5,10905,beat,11042,120.4722245353432,-137
GH010,a6,16369,beat,16422,185.4342823935932,-53
GH010,a7,24656,beat,24692,213.36324309553981,-36
GH010,a8,33410,beat,33422,170.78200423342912,-12
GH010,a9,46140,beat,46172,194.5373573554916,-32
GH010,a10,54200,beat,53832,150.08358881232598,368
GH010,a11,55301,beat,55312,130.5096178549957,-11
GH010,a12,55974,beat,56022,137.50515971380509,-48
GH010,a13,77823,beat,77832,256.946192952779,-9
GH010,a14,82697,iconic,82662,160.90692173778498,35
GH010,a15,84191,beat,84212,120.05523265608862,-21
GH010,a16,85537,beat,85572,275.8751447148629,-35
GH010,a17,95323,beat,95322,211.43499637498016,1
GH010,a18,107943,beat,107982,219.60452709121012,-39
GH010,a19,110882,beat,110972,285.57985658297343,-90
GH010,a20,117030,iconic,117032,157.64413737656773,-2
GH010,a21,119328,beat,119302,230.5277411336591,26
GH010,a22,124880,beat,124912,201.7273462168306,-32
GH010,a23,128432,beat,128462,174.54246503602246,-30
GH010,a24,131660,beat,131792,106.84615866982656,-132
GH010,a25,133880,beat,133862,160.5706328572553,18
GH010,a133,142349,beat,142442,252.7037400257996,-93
GH010,a134,147819,beat,148062,211.4362528736031,-243
GH010,a26,156445,beat,156512,142.56849761071945,-67
GH010,a27,158184,beat,158302,124.22452931234564,-118
GH010,a28,159464,deictic,159692,182.6536348424776,-228
GH010,a29,160672,beat,160662,222.95477014837118,10
GH010,a30,161081,iconic,161072,167.31768580063286,9
GH010,a31,161740,beat,161692,147.11083595478743,48
GH010,a32,163787,iconic,163772,165.8158774623391,15
GH010,a33,164566,beat,164582,175.69784635982438,-16
GH010,a34,165889,beat,166032,182.5999081582493,-143
GH010,a35,174690,iconic,174672,129.4896388959131,18
GH010,a36,176753,beat,176782,145.62474826088015,-29
GH010,a37,181600,beat,181522,146.3803315789007,78
GH010,a38,183389,deictic,183402,147.94986418777177,-13
GH010,a39,184723,beat,184732,119.6126760147671,-9
GH010,a40,188318,beat,188332,184.50912954178645,-14
GH010,a41,189789,beat,189782,129.61851564195177,7
GH010,a42,195692,beat,195682,191.1214401410265,10
GH010,a43,198000,deictic,198162,157.95374711848484,-162
GH010,a44,201226,beat,201302,112.21444885223985,-76
GH010,a45,203206,beat,203232,120.16781516505422,-26
GH010,a46,206708,beat,206922,113.1930734815623,-214
GH010,a47,230560,beat,230632,130.26675734720072,-72
GH010,a48,235210,deictic,235302,77.41585889721112,-92
GH010,a49,240223,deictic,240312,275.6258055719637,-89
GH010,a50,241117,deictic,241192,194.58042664377209,-75
GH010,a135,246500,beat,246402,190.75846159455782,98
GH010,a51,251408,beat,251402,200.7421041433307,6
GH010,a52,255966,beat,255952,216.55703438997014,14
GH010,a53,257305,iconic,257282,164.33736167566133,23
GH010,a54,258350,iconic,258382,246.6842692604269,-32
GH010,a55,258957,beat,259062,162.2811746815029,-105
GH010,a56,259730,deictic,259682,244.32604633388408,48
GH010,a57,260910,iconic,260902,155.39423619301817,8
GH010,a58,265816,beat,265792,254.17043276422635,24
GH010,a59,268724,beat,268772,298.0341440279094,-48
GH010,a60,269480,deictic,269492,238.8185993533438,-12
GH010,a61,270179,beat,270242,225.6386214009285,-63
GH010,a62,271978,deictic,271892,201.8899910004346,86
GH010,a63,274256,beat,274392,223.2968340512759,-136
GH010,a64,275529,beat,275582,241.18803415961577,-53
GH010,a65,279113,beat,279342,125.14194807450815,-229
GH010,a66,281410,beat,281472,189.4944517682711,-62
GH010,a67,282118,beat,282212,176.02155486680823,-94
GH010,a68,282439,beat,282432,130.28396173025507,7
GH010,a69,284380,beat,284472,152.01509835114177,-92
GH010,a70,288790,iconic,289052,197.2105515943705,-262
GH010,a71,289862,beat,289872,138.25289143967944,-10
GH010,a72,293194,iconic,293272,221.7057348054595,-78
GH010,a73,294784,beat,294612,122.66813803535545,172
GH010,a74,297024,deictic,296992,146.7024439268914,32
GH010,a75,297503,deictic,297512,230.57904066183326,-9
GH010,a76,298043,beat,298032,147.34764399928753,11
GH010,a77,301878,beat,301982,156.25990746850752,-104
GH010,a78,302981,beat,303032,106.83187997807458,-51
GH010,a79,303713,beat,303752,154.98450616062235,-39
GH010,a80,307669,beat,307632,213.68448764659217,37
GH010,a81,314203,deictic,314212,107.03533224662795,-9
GH010,a82,314832,beat,314972,145.3564563232718,-140
GH010,a83,318244,iconic,318352,164.28716095732037,-108
GH010,a84,322239,beat,322052,102.4925502713783,187
GH010,a85,337454,deictic,337422,244.2003985378987,32
GH010,a86,346130,beat,346392,151.43764375146807,-262
GH010,a87,347062,beat,347062,144.05927005652498,0
GH010,a88,352340,beat,352252,147.5928458476807,88
GH010,a89,355269,beat,355252,165.0153349969192,17
GH010,a90,361218,beat,361492,159.05987474524906,-274
GH010,a91,362376,iconic,362352,139.83804928011165,24
GH010,a92,363961,iconic,363992,281.2175528610932,-31
GH010,a93,365540,iconic,365562,217.40479766307723,-22
GH010,a94,374487,beat,374742,197.66248029622952,-255
GH010,a95,383113,iconic,383182,154.73175141702407,-69
GH010,a96,390207,beat,390312,298.20377415927146,-105
GH010,a97,393914,beat,393922,250.46425273775492,-8
GH010,a98,394620,deictic,394622,221.0154830347595,-2
GH010,a99,396070,beat,396062,249.80285946608416,8
GH010,a100,398090,beat,398152,264.76813629589105,-62
GH010,a101,404590,beat,404622,218.36268627171484,-32
GH010,a102,405679,beat,405672,231.8220246652191,7
GH010,a103,407255,beat,407462,122.96412435159999,-207
GH010,a104,409134,iconic,409152,124.49683988984727,-18
GH010,a105,411830,iconic,412052,105.32866745022919,-222
GH010,a106,413341,iconic,413322,149.63997542418883,19
GH010,a107,414501,iconic,414452,182.90453988575376,49
GH010,a108,415440,iconic,415202,152.39686316478225,238
GH010,a109,418206,beat,418282,208.41458494585797,-76
GH010,a110,425350,beat,425122,141.89076418784396,228
GH010,a136,437685,beat,437742,236.2817961296222,-57
GH010,a111,458986,beat,459092,185.82703076105204,-106
GH010,a112,478535,beat,478432,88.52038384126209,103
GH010,a113,485745,deictic,485712,156.69570712642923,33
GH010,a114,486427,beat,486372,209.38292074452215,55
GH010,a115,488335,iconic,488282,261.01498062094834,53
GH010,a116,489426,iconic,489412,204.10098473440397,14
GH010,a117,490564,iconic,490662,165.216504863235,-98
GH010,a118,492780,deictic,492762,116.28894606384874,18
GH010,a119,494277,beat,494252,135.4338773258541,25
GH010,a120,495197,deictic,495162,162.9758109497523,35
GH010,a121,495980,deictic,496072,145.0664830381545,-92
GH010,a122,496539,iconic,496622,177.552541804801,-83
GH010,a123,497296,beat,497152,159.0379972325678,144
GH010,a124,499770,deictic,499852,212.01965802618352,-82
GH010,a125,500263,iconic,500352,198.22336024841593,-89
GH010,a126,500802,beat,500802,146.6363567823,0
GH010,a127,505545,beat,505712,131.17138287518165,-167
GH010,a128,506809,beat,507152,230.81353644306688,-343
GH010,a129,509738,iconic,509702,213.02139304949577,36
GH010,a130,511070,beat,511342,174.26670744134918,-272
GH010,a131,512438,beat,512442,141.238559925667,-4
GH010,a132,513498,iconic,513522,151.31846769667646,-24
GH011,a1,1520,beat,1541,217.78996429472485,-21
GH011,a2,11988,beat,12001,183.7184100032013,-13
GH011,a3,16577,beat,16481,221.15849211139252,96
GH011,a4,24720,beat,24671,181.02944886870876,49
GH011,a5,35857,deictic,36101,267.0583006265182,-244
GH011,a6,36531,beat,36441,231.44458700261399,90
GH011,a7,37771,deictic,37661,270.6464590798464,110
GH011,a8,38453,iconic,38721,198.14312824597687,-268
GH011,a9,43087,beat,43141,242.16642701889356,-54
GH011,a10,50890,beat,50841,161.57724963626288,49
GH011,a11,55815,beat,55931,193.3908130181426,-116
GH011,a12,59085,beat,59271,217.5101056908602,-186
GH011,a13,66764,beat,66771,184.90187204897668,-7
GH011,a14,83279,beat,83821,242.30301121997013,-542
GH011,a15,97108,deictic,97181,167.29560938792676,-73
GH011,a16,100777,beat,100811,143.88127949155387,-34
GH011,a17,110158,iconic,110181,249.66342347352298,-23
GH011,a18,112208,beat,112221,217.2165213514121,-13
GH011,a19,114036,beat,114041,165.39568339169543,-5
GH011,a20,117202,deictic,117221,298.9384378523882,-19
GH011,a21,123630,beat,123621,196.84569208051914,9
GH011,a22,130467,beat,130971,162.78427233860495,-504
GH011,a23,140937,beat,140931,198.38008868856681,6
GH011,a24,149336,beat,149391,172.20344615936006,-55
GH011,a25,161776,beat,162181,177.35732400167421,-405
GH011,a26,167073,beat,167041,198.24964470061545,32
GH011,a27,175435,beat,175441,175.33921238201916,-6
GH011,a28,178142,beat,178151,182.08304746325356,-9
GH011,a29,183359,beat,183351,253.7609184680461,8
GH011,a30,186506,beat,186671,200.8491894988105,-165
GH011,a31,194628,beat,194641,251.8574887290621,-13
GH011,a32,199790,beat,199911,296.48017723163304,-121
GH011,a33,202896,beat,202931,184.65871241675964,-35
GH011,a34,207486,beat,207521,192.52643611602613,-35
GH011,a35,223041,beat,223041,193.52662750795042,0
GH011,a36,229469,iconic,229461,254.72100752701547,8
GH011,a37,236329,beat,236231,183.14494995735512,98
GH011,a38,243216,beat,243201,262.0311075745652,15
GH011,a39,246504,deictic,246531,289.1163662901529,-27
GH011,a40,252581,deictic,252621,150.2580231699018,-40
GH011,a41,258250,beat,258061,184.93158638374658,189
GH011,a42,260361,deictic,260351,289.6046129249043,10
GH011,a43,261551,beat,261711,157.45815311323042,-160
GH011,a44,264010,deictic,264311,184.69487713566562,-301
GH011,a45,272399,beat,272411,202.30444161425532,-12
GH011,a46,274229,deictic,274241,223.17023697741496,-12
GH011,a47,276192,beat,276191,271.8942109449173,1
GH011,a48,282185,deictic,282051,200.16254094828454,134
GH011,a49,287275,beat,287291,176.80412840336453,-16
GH011,a50,292041,beat,291981,164.73249264804775,60
GH011,a51,295068,beat,295201,162.01467787065513,-133
GH011,a52,305879,beat,305951,250.55791612316415,-72
GH011,a53,322611,deictic,322901,159.6958301624149,-290
GH011,a54,324374,deictic,324391,167.51937577636497,-17
GH011,a55,333486,deictic,334111,175.84298520553392,-625
GH011,a56,338812,beat,338781,214.98212917462084,31
GH011,a57,344937,beat,345501,242.2705785737024,-564
GH011,a58,348797,deictic,348791,146.07185457983326,6
GH011,a59,349549,beat,349591,151.90694919975888,-42
GH011,a60,353006,deictic,353021,163.56785860933948,-15
GH011,a61,359280,beat,359281,260.5550983908152,-1
GH011,a62,363544,deictic,363291,175.30380482008474,253
GH011,a63,364250,beat,364211,161.25159433763721,39
GH011,a64,375755,beat,375781,208.9758921274451,-26
GH011,a65,384777,beat,384821,166.96746432950505,-44
GH011,a66,389845,beat,390061,299.7188075492826,-216
GH011,a67,408098,beat,408351,176.53660217014968,-253
GH011,a68,416014,beat,416021,234.55971931041822,-7
GH011,a69,425746,beat,425951,187.45918322177565,-205
GH011,a70,428473,deictic,428531,196.4118281276007,-58
GH011,a71,440120,deictic,440691,265.15707477099716,-571
GH011,a72,442062,beat,442041,229.2876941862597,21
GH011,a73,447726,deictic,447741,219.49831583085526,-15
GH011,a74,453618,beat,453621,171.5696085122023,-3
GH011,a75,462946,beat,463041,213.23039123281566,-95
